280224142517,contentment,21,Male,Student,Expert,contentment,Yes,15176,amusement,727,726,725,724,724,724,724,724,724,724,724,724,724,723,722,722,720,720,720,720,720,720,720,720,719,718,718,714,704,693,680,666,648,636,625,614,605,593,590,589,588,582,577,564,557,548,540,540,539,536,532,520,509,498,488,484,482,481,480,478,478,478,478,478,478,482,487,496,503,512,533,544,554,564,572,585,598,612,631,647,663,673,687,704,723,730,734,735,736,740,747,757,768,779,787,793,799,805,811,816,823,824,827,829,832,835,839,841,844,846,848,847,846,844,842,840,836,832,828,827,826,824,822,820,822,823,824,827,828,830,836,837,840,841,843,843,838,832,824,817,816,813,812,808,803,795,774,764,752,737,720,689,676,672,668,669,672,674,676,684,688,696,704,710,715,720,723,728,736,744,750,756,758,760,765,773,779,787,797,804,808,811,813,814,814,814,814,814,814,814,814,813,810,805,796,782,754,707,628,584,538,500,467,449,440,432,422,560,588,643,680,716,760,798,813,818,822,826,827,828,829,830,831,831,829,824,810,791,765,735,710,684,655,627,590,572,560,556,553,553,553,565,587,629,676,723,748,749,747,740,714,662,592,549,531,520,518,510,504,500,496,495,493,727,726,725,724,724,724,724,724,724,724,724,724,724,723,722,722,720,720,720,720,720,720,720,720,719,718,718,714,704,693,680,666,648,636,625,614,605,593,590,589,588,582,577,564,557,548,540,540,539,536,532,520,509,498,488,484,482,481,480,478,478,478,478,478,478,482,487,496,503,512,533,544,554,564,572,585,598,612,631,647,663,673,687,704,723,730,734,735,736,740,747,757,768,779,787,793,799,805,811,816,823,824,827,829,832,835,839,841,844,846,848,847,846,844,842,840,836,832,828,827,826,824,822,820,822,823,824,827,828,830,836,837,840,841,843,843,838,832,824,817,816,813,812,808,803,795,774,764,752,737,720,689,676,672,668,669,672,674,676,684,688,696,704,710,715,720,723,728,736,744,750,756,758,760,765,773,779,787,797,804,808,811,813,814,814,814,814,814,814,814,814,813,810,805,796,782,754,707,628,584,538,500,467,449,440,432,422,560,588,643,680,716,760,798,813,818,822,826,827,828,829,830,831,831,829,824,810,791,765,735,710,684,655,627,590,572,560,556,553,553,553,565,587,629,676,723,748,749,747,740,714,662,592,549,531,520,518,510,504,500,496,495,493,107,111,115,116,118,120,123,127,129,131,135,139,143,147,150,151,155,157,160,162,166,168,171,173,177,178,180,188,199,207,221,231,240,248,253,262,267,273,275,275,276,276,278,279,279,281,282,283,283,283,284,284,286,290,293,295,295,297,299,304,308,311,317,323,327,332,335,339,343,344,347,348,348,348,348,348,348,348,348,348,348,348,348,345,343,341,341,341,341,341,341,341,341,341,341,341,341,341,341,341,341,342,342,342,342,342,342,342,342,342,342,342,342,342,342,342,342,342,342,342,342,342,342,342,342,341,341,341,341,341,342,342,343,343,343,344,346,346,347,347,347,349,349,349,350,351,355,356,359,359,362,367,369,369,370,370,370,370,370,370,370,370,370,370,370,370,370,370,370,370,370,370,370,370,370,370,370,370,370,370,370,370,368,367,362,360,358,356,355,352,348,343,335,327,315,298,273,235,183,151,112,77,47,23,5,-9,-23,-24,-3,43,95,162,239,303,330,344,355,361,365,366,367,369,370,371,371,373,375,379,387,395,403,407,409,411,411,405,398,391,381,370,354,336,317,293,275,262,258,258,258,258,259,275,292,297,303,303,303,304,307,308,310,311,313,593,589,585,584,582,580,577,573,571,569,565,561,557,553,550,549,545,543,540,538,534,532,529,527,523,522,520,512,501,493,479,469,460,452,447,438,433,427,425,425,424,424,422,421,421,419,418,417,417,417,416,416,414,410,407,405,405,403,401,396,392,389,383,377,373,368,365,361,357,356,353,352,352,352,352,352,352,352,352,352,352,352,352,355,357,359,359,359,359,359,359,359,359,359,359,359,359,359,359,359,359,358,358,358,358,358,358,358,358,358,358,358,358,358,358,358,358,358,358,358,358,358,358,358,358,359,359,359,359,359,358,358,357,357,357,356,354,354,353,353,353,351,351,351,350,349,345,344,341,341,338,333,331,331,330,330,330,330,330,330,330,330,330,330,330,330,330,330,330,330,330,330,330,330,330,330,330,330,330,330,330,330,332,333,338,340,342,344,345,348,352,357,365,373,385,402,427,465,517,549,588,623,653,677,695,709,723,724,703,657,605,538,461,397,370,356,345,339,335,334,333,331,330,329,329,327,325,321,313,305,297,293,291,289,289,295,302,309,319,330,346,364,383,407,425,438,442,442,442,442,441,425,408,403,397,397,397,396,393,392,390,389,387
280224142517,contentment,21,Male,Student,Expert,sadness,Yes,6448,sadness,777,777,777,777,777,777,778,780,780,782,782,784,785,785,786,786,786,786,788,788,788,788,788,788,788,788,788,786,780,770,763,755,746,732,711,702,700,697,695,688,677,663,649,642,639,637,631,624,615,604,597,593,591,583,572,558,542,530,528,529,532,538,544,554,564,569,572,576,581,585,588,589,591,593,596,600,601,604,607,608,611,613,615,616,617,620,622,625,628,631,634,636,640,648,652,658,664,665,666,668,671,672,676,680,685,688,689,690,692,693,699,703,708,715,720,724,728,732,737,741,748,752,753,759,767,784,804,820,836,846,852,857,860,861,859,856,852,850,848,847,846,844,842,841,841,844,847,848,849,850,852,851,848,846,840,833,821,788,763,741,720,696,664,624,593,569,552,548,546,545,545,544,544,543,541,538,532,520,509,504,503,777,777,777,777,777,777,778,780,780,782,782,784,785,785,786,786,786,786,788,788,788,788,788,788,788,788,788,786,780,770,763,755,746,732,711,702,700,697,695,688,677,663,649,642,639,637,631,624,615,604,597,593,591,583,572,558,542,530,528,529,532,538,544,554,564,569,572,576,581,585,588,589,591,593,596,600,601,604,607,608,611,613,615,616,617,620,622,625,628,631,634,636,640,648,652,658,664,665,666,668,671,672,676,680,685,688,689,690,692,693,699,703,708,715,720,724,728,732,737,741,748,752,753,759,767,784,804,820,836,846,852,857,860,861,859,856,852,850,848,847,846,844,842,841,841,844,847,848,849,850,852,851,848,846,840,833,821,788,763,741,720,696,664,624,593,569,552,548,546,545,545,544,544,543,541,538,532,520,509,504,503,128,130,131,134,136,139,142,145,148,154,156,161,163,168,171,173,175,180,184,191,199,207,211,216,220,227,231,238,247,256,263,275,286,296,309,314,315,315,317,319,322,328,330,332,334,334,334,335,337,341,343,344,345,347,351,355,359,362,362,362,362,362,362,361,359,357,356,356,357,357,357,357,359,359,359,359,359,359,359,359,359,359,359,359,359,359,359,359,359,359,359,359,359,359,359,359,359,359,359,359,359,359,359,359,359,359,359,359,359,359,359,359,359,359,359,359,358,356,355,353,351,351,350,350,348,347,344,344,340,340,340,339,339,339,339,339,339,339,339,339,339,339,339,339,340,342,342,342,342,342,342,342,342,342,342,342,342,342,342,342,340,336,332,326,321,319,315,313,313,313,311,311,309,309,307,305,301,295,291,290,290,572,570,569,566,564,561,558,555,552,546,544,539,537,532,529,527,525,520,516,509,501,493,489,484,480,473,469,462,453,444,437,425,414,404,391,386,385,385,383,381,378,372,370,368,366,366,366,365,363,359,357,356,355,353,349,345,341,338,338,338,338,338,338,339,341,343,344,344,343,343,343,343,341,341,341,341,341,341,341,341,341,341,341,341,341,341,341,341,341,341,341,341,341,341,341,341,341,341,341,341,341,341,341,341,341,341,341,341,341,341,341,341,341,341,341,341,342,344,345,347,349,349,350,350,352,353,356,356,360,360,360,361,361,361,361,361,361,361,361,361,361,361,361,361,360,358,358,358,358,358,358,358,358,358,358,358,358,358,358,358,360,364,368,374,379,381,385,387,387,387,389,389,391,391,393,395,399,405,409,410,410
280224142517,contentment,21,Male,Student,Expert,awe,No,5292,contentment,763,752,736,719,708,704,703,702,701,700,695,688,686,681,672,667,664,662,659,656,648,638,618,604,600,598,598,596,594,588,574,561,542,508,492,490,490,488,488,489,492,500,505,510,520,532,542,556,569,583,590,592,601,605,614,621,626,629,631,632,633,638,650,667,677,689,699,703,708,712,716,720,724,731,738,748,757,765,771,776,781,788,792,797,802,805,807,808,791,770,747,726,704,688,677,669,657,636,616,589,562,542,535,531,527,519,510,510,512,522,533,549,563,578,587,596,604,614,621,628,636,648,656,663,669,677,684,686,692,699,704,708,711,714,719,731,748,767,788,809,828,842,855,866,891,905,919,933,943,952,960,968,975,979,981,986,988,992,999,1003,1007,1008,1011,1012,1015,1024,1035,1049,1056,1061,1063,1066,1067,1068,1068,1070,1071,1072,1073,1076,1079,1081,1082,1084,1086,1088,1088,763,752,736,719,708,704,703,702,701,700,695,688,686,681,672,667,664,662,659,656,648,638,618,604,600,598,598,596,594,588,574,561,542,508,492,490,490,488,488,489,492,500,505,510,520,532,542,556,569,583,590,592,601,605,614,621,626,629,631,632,633,638,650,667,677,689,699,703,708,712,716,720,724,731,738,748,757,765,771,776,781,788,792,797,802,805,807,808,791,770,747,726,704,688,677,669,657,636,616,589,562,542,535,531,527,519,510,510,512,522,533,549,563,578,587,596,604,614,621,628,636,648,656,663,669,677,684,686,692,699,704,708,711,714,719,731,748,767,788,809,828,842,855,866,891,905,919,933,943,952,960,968,975,979,981,986,988,992,999,1003,1007,1008,1011,1012,1015,1024,1035,1049,1056,1061,1063,1066,1067,1068,1068,1070,1071,1072,1073,1076,1079,1081,1082,1084,1086,1088,1088,129,139,155,169,178,179,181,183,184,187,193,203,207,214,225,231,235,238,243,247,255,265,277,283,286,286,287,287,287,291,295,303,307,322,327,327,328,331,333,334,336,339,341,341,343,343,343,343,344,344,344,344,343,343,342,340,340,340,340,340,340,340,340,340,340,340,340,340,340,340,340,340,340,340,340,340,340,340,340,340,340,340,340,340,340,340,340,339,339,339,339,339,339,339,337,337,337,337,337,337,337,337,337,337,337,337,337,339,339,339,341,341,341,341,341,341,341,341,341,341,341,341,341,341,341,341,341,341,341,341,341,341,341,340,340,339,335,330,326,318,311,311,307,303,297,295,291,287,284,281,279,279,278,276,276,276,276,275,275,275,275,275,275,275,275,275,276,281,283,285,287,288,288,289,290,291,291,291,292,294,295,295,296,296,297,298,299,571,561,545,531,522,521,519,517,516,513,507,497,493,486,475,469,465,462,457,453,445,435,423,417,414,414,413,413,413,409,405,397,393,378,373,373,372,369,367,366,364,361,359,359,357,357,357,357,356,356,356,356,357,357,358,360,360,360,360,360,360,360,360,360,360,360,360,360,360,360,360,360,360,360,360,360,360,360,360,360,360,360,360,360,360,360,360,361,361,361,361,361,361,361,363,363,363,363,363,363,363,363,363,363,363,363,363,361,361,361,359,359,359,359,359,359,359,359,359,359,359,359,359,359,359,359,359,359,359,359,359,359,359,360,360,361,365,370,374,382,389,389,393,397,403,405,409,413,416,419,421,421,422,424,424,424,424,425,425,425,425,425,425,425,425,425,424,419,417,415,413,412,412,411,410,409,409,409,408,406,405,405,404,404,403,402,401
280224142517,contentment,21,Male,Student,Expert,disgust,No,14064,disgust,785,790,797,800,801,802,804,804,804,807,808,811,816,820,821,821,822,824,824,824,824,796,718,602,504,424,384,383,380,370,358,344,341,339,338,339,344,347,349,353,356,361,363,366,367,372,374,376,379,380,382,385,388,392,396,399,404,412,428,454,477,500,520,529,532,534,536,535,529,525,521,520,519,517,515,504,495,482,476,470,468,460,450,446,442,440,440,438,437,433,427,419,410,402,395,387,387,383,383,383,383,384,389,395,399,404,406,407,407,392,344,308,282,272,271,271,273,287,300,318,339,355,372,378,382,384,383,381,380,379,375,369,366,364,360,360,360,359,359,356,349,345,343,342,342,341,339,337,336,336,340,341,344,344,341,332,324,321,321,323,325,328,329,331,332,333,336,341,355,365,376,388,398,411,421,427,433,440,445,452,457,461,466,474,482,491,497,501,508,513,524,532,538,544,548,556,562,572,587,591,595,600,602,608,616,622,628,635,639,642,646,648,658,666,676,692,706,720,734,746,755,763,772,777,782,786,790,792,796,798,801,804,806,807,811,817,821,825,828,832,832,836,843,848,849,851,852,864,880,884,888,890,891,892,896,902,909,914,916,919,921,927,932,941,948,953,961,963,964,960,954,946,940,932,928,925,925,924,922,916,911,908,907,904,903,900,903,907,928,936,942,947,949,951,953,954,956,958,961,968,976,985,990,994,996,1002,1005,1008,1010,1012,1016,1018,1020,1022,1024,1028,1032,1034,1036,1038,1041,1044,1046,1047,1048,1044,1031,1011,975,955,935,919,908,902,897,893,887,882,874,863,852,844,836,830,826,820,816,808,799,795,789,788,784,777,768,762,756,749,740,729,716,708,700,696,691,687,683,675,670,666,660,649,639,622,617,611,610,608,606,604,602,600,598,596,594,593,590,587,588,592,597,600,604,607,610,612,614,616,618,618,618,628,636,152,271,421,591,765,902,1004,1048,1060,1068,1080,1101,1128,1163,1190,1203,1203,1202,1199,1180,1153,1095,1009,920,844,811,803,802,802,806,808,814,820,832,855,877,904,922,930,932,930,908,846,828,823,820,816,807,793,775,740,715,690,673,665,661,653,642,625,612,600,592,592,594,618,670,735,795,836,868,897,924,935,939,941,942,942,942,944,972,991,1020,1057,1076,1083,1084,1071,1061,1040,1034,1032,1029,1043,1063,1082,1092,1092,1093,1092,1083,1080,1080,785,790,797,800,801,802,804,804,804,807,808,811,816,820,821,821,822,824,824,824,824,796,718,602,504,424,384,383,380,370,358,344,341,339,338,339,344,347,349,353,356,361,363,366,367,372,374,376,379,380,382,385,388,392,396,399,404,412,428,454,477,500,520,529,532,534,536,535,529,525,521,520,519,517,515,504,495,482,476,470,468,460,450,446,442,440,440,438,437,433,427,419,410,402,395,387,387,383,383,383,383,384,389,395,399,404,406,407,407,392,344,308,282,272,271,271,273,287,300,318,339,355,372,378,382,384,383,381,380,379,375,369,366,364,360,360,360,359,359,356,349,345,343,342,342,341,339,337,336,336,340,341,344,344,341,332,324,321,321,323,325,328,329,331,332,333,336,341,355,365,376,388,398,411,421,427,433,440,445,452,457,461,466,474,482,491,497,501,508,513,524,532,538,544,548,556,562,572,587,591,595,600,602,608,616,622,628,635,639,642,646,648,658,666,676,692,706,720,734,746,755,763,772,777,782,786,790,792,796,798,801,804,806,807,811,817,821,825,828,832,832,836,843,848,849,851,852,864,880,884,888,890,891,892,896,902,909,914,916,919,921,927,932,941,948,953,961,963,964,960,954,946,940,932,928,925,925,924,922,916,911,908,907,904,903,900,903,907,928,936,942,947,949,951,953,954,956,958,961,968,976,985,990,994,996,1002,1005,1008,1010,1012,1016,1018,1020,1022,1024,1028,1032,1034,1036,1038,1041,1044,1046,1047,1048,1044,1031,1011,975,955,935,919,908,902,897,893,887,882,874,863,852,844,836,830,826,820,816,808,799,795,789,788,784,777,768,762,756,749,740,729,716,708,700,696,691,687,683,675,670,666,660,649,639,622,617,611,610,608,606,604,602,600,598,596,594,593,590,587,588,592,597,600,604,607,610,612,614,616,618,618,618,628,636,152,271,421,591,765,902,1004,1048,1060,1068,1080,1101,1128,1163,1190,1203,1203,1202,1199,1180,1153,1095,1009,920,844,811,803,802,802,806,808,814,820,832,855,877,904,922,930,932,930,908,846,828,823,820,816,807,793,775,740,715,690,673,665,661,653,642,625,612,600,592,592,594,618,670,735,795,836,868,897,924,935,939,941,942,942,942,944,972,991,1020,1057,1076,1083,1084,1071,1061,1040,1034,1032,1029,1043,1063,1082,1092,1092,1093,1092,1083,1080,1080,87,92,98,101,103,105,106,107,108,111,115,117,123,129,131,136,139,143,147,150,157,174,203,236,267,286,299,299,300,309,317,329,332,335,335,338,340,341,347,348,349,350,351,352,352,353,353,353,353,353,353,353,353,353,353,353,353,353,353,353,351,351,347,346,345,345,344,343,342,340,340,340,340,340,341,341,341,341,341,341,342,356,381,400,409,415,416,418,419,419,419,419,415,405,398,383,381,364,351,330,316,310,299,298,298,298,299,303,312,344,386,414,431,439,439,434,426,407,393,381,372,368,363,363,363,363,363,363,363,363,364,369,370,371,375,376,377,380,381,386,391,397,399,399,400,400,400,400,398,384,373,364,359,355,355,357,363,363,364,368,368,369,369,369,369,369,369,369,369,369,369,369,369,369,368,368,367,367,367,367,367,367,367,367,365,365,365,365,365,365,365,365,365,365,365,365,365,365,363,363,363,363,362,362,362,362,362,362,362,362,362,362,362,362,362,362,362,362,362,362,362,362,362,362,362,362,362,362,362,362,362,362,362,362,362,362,362,362,362,361,360,359,359,359,358,358,358,358,365,367,367,367,367,367,367,367,367,367,367,367,367,367,367,368,370,370,371,372,372,372,372,372,372,372,372,372,373,374,374,373,373,372,371,371,371,371,371,371,367,367,367,367,367,367,367,367,367,367,367,365,365,363,363,363,363,362,362,362,362,362,361,360,360,360,360,360,363,363,363,363,364,365,366,366,367,367,367,367,367,367,367,367,367,367,367,367,367,366,365,363,362,362,360,360,360,360,360,360,360,360,360,360,360,360,360,360,360,360,360,360,360,360,360,360,360,360,360,360,360,360,360,360,360,360,360,360,360,360,360,359,359,359,357,357,357,357,355,355,355,356,359,362,367,375,381,390,403,423,463,518,586,654,694,698,642,576,505,438,378,334,314,307,303,297,281,259,230,213,201,200,199,198,198,198,213,247,290,335,355,362,363,365,367,368,369,369,369,365,354,337,323,317,316,316,336,386,398,401,403,410,422,437,451,475,483,491,495,495,495,495,495,491,487,483,476,468,455,439,413,387,368,360,352,348,346,346,346,347,348,349,351,351,343,332,318,299,290,287,287,287,287,290,293,293,294,291,280,271,266,265,267,275,284,287,288,613,608,602,599,597,595,594,593,592,589,585,583,577,571,569,564,561,557,553,550,543,526,497,464,433,414,401,401,400,391,383,371,368,365,365,362,360,359,353,352,351,350,349,348,348,347,347,347,347,347,347,347,347,347,347,347,347,347,347,347,349,349,353,354,355,355,356,357,358,360,360,360,360,360,359,359,359,359,359,359,358,344,319,300,291,285,284,282,281,281,281,281,285,295,302,317,319,336,349,370,384,390,401,402,402,402,401,397,388,356,314,286,269,261,261,266,274,293,307,319,328,332,337,337,337,337,337,337,337,337,336,331,330,329,325,324,323,320,319,314,309,303,301,301,300,300,300,300,302,316,327,336,341,345,345,343,337,337,336,332,332,331,331,331,331,331,331,331,331,331,331,331,331,331,332,332,333,333,333,333,333,333,333,333,335,335,335,335,335,335,335,335,335,335,335,335,335,335,337,337,337,337,338,338,338,338,338,338,338,338,338,338,338,338,338,338,338,338,338,338,338,338,338,338,338,338,338,338,338,338,338,338,338,338,338,338,338,338,338,339,340,341,341,341,342,342,342,342,335,333,333,333,333,333,333,333,333,333,333,333,333,333,333,332,330,330,329,328,328,328,328,328,328,328,328,328,327,326,326,327,327,328,329,329,329,329,329,329,333,333,333,333,333,333,333,333,333,333,333,335,335,337,337,337,337,338,338,338,338,338,339,340,340,340,340,340,337,337,337,337,336,335,334,334,333,333,333,333,333,333,333,333,333,333,333,333,333,334,335,337,338,338,340,340,340,340,340,340,340,340,340,340,340,340,340,340,340,340,340,340,340,340,340,340,340,340,340,340,340,340,340,340,340,340,340,340,340,340,340,341,341,341,343,343,343,343,345,345,345,344,341,338,333,325,319,310,297,277,237,182,114,46,6,2,58,124,195,262,322,366,386,393,397,403,419,441,470,487,499,500,501,502,502,502,487,453,410,365,345,338,337,335,333,332,331,331,331,335,346,363,377,383,384,384,364,314,302,299,297,290,278,263,249,225,217,209,205,205,205,205,205,209,213,217,224,232,245,261,287,313,332,340,348,352,354,354,354,353,352,351,349,349,357,368,382,401,410,413,413,413,413,410,407,407,406,409,420,429,434,435,433,425,416,413,412
280224142517,contentment,21,Male,Student,Expert,excitement,No,7719,fear,790,792,794,795,796,797,799,798,795,780,764,740,718,691,674,661,643,626,614,609,598,588,577,568,550,536,517,499,487,477,476,476,476,476,476,476,476,477,479,481,483,484,486,486,486,486,486,486,486,486,481,476,470,464,460,454,452,450,450,464,471,482,494,501,512,525,552,566,587,606,625,648,660,674,691,707,723,736,752,773,795,827,840,856,869,878,893,909,925,936,944,949,952,956,959,962,964,965,968,974,982,989,997,1001,1006,1012,1020,1028,1042,1062,1069,1073,1076,1077,1083,1088,1093,1096,1102,1106,1111,1113,1114,1116,1113,1108,1095,1087,1081,1076,1068,1052,1031,1010,976,952,924,895,868,847,828,811,795,780,756,740,736,720,712,706,699,691,682,672,664,657,649,645,637,635,631,628,625,621,620,617,615,611,608,603,599,596,589,583,572,561,556,552,551,548,547,542,540,535,533,532,532,531,529,528,528,527,525,524,524,523,523,522,521,521,521,521,521,523,524,525,531,533,539,544,548,550,552,554,556,558,560,564,571,576,584,587,596,609,624,637,644,647,648,649,657,712,750,784,812,844,866,883,896,903,904,905,904,892,873,851,838,835,836,844,852,860,871,881,893,905,919,928,930,934,951,961,978,996,1011,1024,1031,1032,790,792,794,795,796,797,799,798,795,780,764,740,718,691,674,661,643,626,614,609,598,588,577,568,550,536,517,499,487,477,476,476,476,476,476,476,476,477,479,481,483,484,486,486,486,486,486,486,486,486,481,476,470,464,460,454,452,450,450,464,471,482,494,501,512,525,552,566,587,606,625,648,660,674,691,707,723,736,752,773,795,827,840,856,869,878,893,909,925,936,944,949,952,956,959,962,964,965,968,974,982,989,997,1001,1006,1012,1020,1028,1042,1062,1069,1073,1076,1077,1083,1088,1093,1096,1102,1106,1111,1113,1114,1116,1113,1108,1095,1087,1081,1076,1068,1052,1031,1010,976,952,924,895,868,847,828,811,795,780,756,740,736,720,712,706,699,691,682,672,664,657,649,645,637,635,631,628,625,621,620,617,615,611,608,603,599,596,589,583,572,561,556,552,551,548,547,542,540,535,533,532,532,531,529,528,528,527,525,524,524,523,523,522,521,521,521,521,521,523,524,525,531,533,539,544,548,550,552,554,556,558,560,564,571,576,584,587,596,609,624,637,644,647,648,649,657,712,750,784,812,844,866,883,896,903,904,905,904,892,873,851,838,835,836,844,852,860,871,881,893,905,919,928,930,934,951,961,978,996,1011,1024,1031,1032,117,117,117,117,119,121,123,124,127,133,142,153,162,174,183,186,194,204,210,213,219,224,231,238,249,257,269,281,287,292,295,298,299,300,302,304,307,310,312,317,321,323,330,334,336,338,340,342,343,346,349,355,358,361,362,365,365,366,367,367,368,371,371,371,371,371,369,364,363,360,358,354,354,352,350,350,350,350,350,350,350,350,350,350,350,350,348,348,348,348,348,348,348,348,348,348,348,348,348,349,351,352,352,354,354,354,354,354,354,354,354,354,354,354,354,354,354,354,354,354,354,354,354,354,354,354,354,354,354,354,354,354,354,354,354,354,354,354,354,354,354,354,354,356,358,358,358,360,362,363,363,365,367,367,367,367,367,367,367,367,367,367,367,367,367,367,367,367,367,367,367,367,367,366,363,360,360,360,360,360,360,359,359,359,359,359,358,356,356,356,355,355,352,352,351,350,347,345,343,339,337,336,335,335,335,335,335,335,335,335,335,335,335,335,335,335,335,335,335,335,335,335,335,335,335,335,334,334,333,332,332,323,317,312,307,300,298,296,294,292,292,292,292,292,292,292,295,295,295,297,297,297,297,297,297,297,296,296,296,296,294,294,290,287,286,282,280,280,583,583,583,583,581,579,577,576,573,567,558,547,538,526,517,514,506,496,490,487,481,476,469,462,451,443,431,419,413,408,405,402,401,400,398,396,393,390,388,383,379,377,370,366,364,362,360,358,357,354,351,345,342,339,338,335,335,334,333,333,332,329,329,329,329,329,331,336,337,340,342,346,346,348,350,350,350,350,350,350,350,350,350,350,350,350,352,352,352,352,352,352,352,352,352,352,352,352,352,351,349,348,348,346,346,346,346,346,346,346,346,346,346,346,346,346,346,346,346,346,346,346,346,346,346,346,346,346,346,346,346,346,346,346,346,346,346,346,346,346,346,346,346,344,342,342,342,340,338,337,337,335,333,333,333,333,333,333,333,333,333,333,333,333,333,333,333,333,333,333,333,333,333,334,337,340,340,340,340,340,340,341,341,341,341,341,342,344,344,344,345,345,348,348,349,350,353,355,357,361,363,364,365,365,365,365,365,365,365,365,365,365,365,365,365,365,365,365,365,365,365,365,365,365,365,365,366,366,367,368,368,377,383,388,393,400,402,404,406,408,408,408,408,408,408,408,405,405,405,403,403,403,403,403,403,403,404,404,404,404,406,406,410,413,414,418,420,420
280224142517,contentment,21,Male,Student,Expert,amusement,Yes,12281,excitement,770,768,769,772,777,780,792,799,802,804,804,804,804,804,795,784,772,764,756,750,746,741,736,732,725,720,716,714,712,710,704,696,684,672,663,655,647,638,636,632,629,624,616,607,599,588,576,560,540,528,523,516,508,488,474,463,455,451,444,438,432,426,423,420,414,412,406,402,397,396,395,390,387,384,380,374,368,361,359,357,356,355,353,354,360,380,404,423,442,460,472,477,489,496,502,506,510,516,521,527,530,532,535,536,537,539,541,544,551,556,560,564,572,582,592,607,620,642,656,661,674,682,690,699,703,705,707,708,713,732,750,772,790,810,832,857,881,899,909,919,925,928,929,931,937,945,960,979,992,1004,1006,1009,1010,1011,1012,1015,1016,1017,1022,1026,1031,1037,1039,1040,1042,1044,1044,1044,1044,1040,1024,1007,988,961,922,861,776,740,711,689,675,668,661,656,651,645,639,636,636,636,636,634,631,629,628,626,624,623,620,619,617,614,613,612,611,609,608,606,604,603,601,598,595,595,593,592,590,589,587,585,582,580,580,579,577,572,566,560,554,549,543,534,518,508,496,480,450,428,410,396,392,389,392,406,424,452,478,494,502,504,507,770,768,769,772,777,780,792,799,802,804,804,804,804,804,795,784,772,764,756,750,746,741,736,732,725,720,716,714,712,710,704,696,684,672,663,655,647,638,636,632,629,624,616,607,599,588,576,560,540,528,523,516,508,488,474,463,455,451,444,438,432,426,423,420,414,412,406,402,397,396,395,390,387,384,380,374,368,361,359,357,356,355,353,354,360,380,404,423,442,460,472,477,489,496,502,506,510,516,521,527,530,532,535,536,537,539,541,544,551,556,560,564,572,582,592,607,620,642,656,661,674,682,690,699,703,705,707,708,713,732,750,772,790,810,832,857,881,899,909,919,925,928,929,931,937,945,960,979,992,1004,1006,1009,1010,1011,1012,1015,1016,1017,1022,1026,1031,1037,1039,1040,1042,1044,1044,1044,1044,1040,1024,1007,988,961,922,861,776,740,711,689,675,668,661,656,651,645,639,636,636,636,636,634,631,629,628,626,624,623,620,619,617,614,613,612,611,609,608,606,604,603,601,598,595,595,593,592,590,589,587,585,582,580,580,579,577,572,566,560,554,549,543,534,518,508,496,480,450,428,410,396,392,389,392,406,424,452,478,494,502,504,507,92,92,92,94,100,103,115,127,134,145,155,169,183,193,211,227,240,255,267,275,280,285,290,293,295,297,298,298,298,298,298,298,298,298,298,298,299,299,300,300,302,303,305,308,310,314,315,322,327,330,331,331,335,339,339,341,341,341,343,343,344,344,344,344,345,346,347,349,351,351,352,352,354,354,355,357,359,360,362,362,362,361,360,359,357,355,348,343,339,336,333,331,330,330,328,328,328,327,325,323,323,323,323,323,323,323,323,323,323,323,323,323,323,323,323,327,327,331,333,333,335,336,338,338,339,339,339,339,336,324,317,313,307,304,300,298,295,294,294,294,294,294,294,294,291,290,283,279,275,274,274,273,272,272,272,273,273,273,273,275,276,278,278,279,279,279,281,283,284,288,295,299,301,303,306,309,312,312,312,312,312,312,312,312,312,312,312,312,314,316,318,319,319,319,320,321,321,321,321,321,321,321,321,321,321,321,321,321,321,321,324,331,336,338,339,339,339,339,338,335,329,325,323,323,323,321,320,318,315,311,308,305,298,295,291,287,283,283,283,288,290,291,292,295,295,295,295,295,295,295,295,608,608,608,606,600,597,585,573,566,555,545,531,517,507,489,473,460,445,433,425,420,415,410,407,405,403,402,402,402,402,402,402,402,402,402,402,401,401,400,400,398,397,395,392,390,386,385,378,373,370,369,369,365,361,361,359,359,359,357,357,356,356,356,356,355,354,353,351,349,349,348,348,346,346,345,343,341,340,338,338,338,339,340,341,343,345,352,357,361,364,367,369,370,370,372,372,372,373,375,377,377,377,377,377,377,377,377,377,377,377,377,377,377,377,377,373,373,369,367,367,365,364,362,362,361,361,361,361,364,376,383,387,393,396,400,402,405,406,406,406,406,406,406,406,409,410,417,421,425,426,426,427,428,428,428,427,427,427,427,425,424,422,422,421,421,421,419,417,416,412,405,401,399,397,394,391,388,388,388,388,388,388,388,388,388,388,388,388,386,384,382,381,381,381,380,379,379,379,379,379,379,379,379,379,379,379,379,379,379,379,376,369,364,362,361,361,361,361,362,365,371,375,377,377,377,379,380,382,385,389,392,395,402,405,409,413,417,417,417,412,410,409,408,405,405,405,405,405,405,405,405
280224142517,contentment,21,Male,Student,Expert,anger,No,5024,anger,772,776,778,784,789,799,801,802,807,810,816,820,828,838,844,848,849,844,836,824,815,807,801,794,780,760,730,701,670,647,632,621,616,608,594,574,558,544,531,523,521,520,519,512,506,498,490,486,484,482,480,479,476,473,467,461,454,445,440,438,437,437,440,444,450,452,456,457,460,464,470,478,486,497,512,522,528,532,539,545,551,560,568,572,579,585,592,596,601,603,605,608,612,613,615,616,619,621,631,643,649,656,663,668,673,680,686,694,700,708,725,736,744,752,760,767,772,776,781,784,786,788,791,792,795,797,800,802,804,807,808,813,820,828,831,833,837,839,841,846,848,850,851,852,853,855,857,860,861,867,869,871,872,873,876,879,888,891,908,916,930,943,955,968,976,985,997,1008,1024,1036,1045,1051,1053,1054,1055,1055,1054,1054,1052,1051,1049,1049,1048,1047,772,776,778,784,789,799,801,802,807,810,816,820,828,838,844,848,849,844,836,824,815,807,801,794,780,760,730,701,670,647,632,621,616,608,594,574,558,544,531,523,521,520,519,512,506,498,490,486,484,482,480,479,476,473,467,461,454,445,440,438,437,437,440,444,450,452,456,457,460,464,470,478,486,497,512,522,528,532,539,545,551,560,568,572,579,585,592,596,601,603,605,608,612,613,615,616,619,621,631,643,649,656,663,668,673,680,686,694,700,708,725,736,744,752,760,767,772,776,781,784,786,788,791,792,795,797,800,802,804,807,808,813,820,828,831,833,837,839,841,846,848,850,851,852,853,855,857,860,861,867,869,871,872,873,876,879,888,891,908,916,930,943,955,968,976,985,997,1008,1024,1036,1045,1051,1053,1054,1055,1055,1054,1054,1052,1051,1049,1049,1048,1047,103,104,106,107,110,111,113,113,116,116,120,123,128,135,139,142,143,144,144,151,154,159,163,170,184,197,218,238,254,265,275,282,288,292,302,314,320,331,337,339,340,340,340,341,343,343,345,345,345,345,345,345,345,347,347,348,349,351,353,353,353,354,354,355,359,360,361,362,362,362,362,362,362,362,359,359,357,357,355,355,354,353,352,351,351,349,348,347,344,344,344,344,344,344,344,344,344,345,348,351,353,355,357,359,359,360,360,362,362,362,363,363,363,363,363,363,363,363,363,363,363,363,363,363,363,363,363,363,363,363,363,362,359,357,355,355,355,354,354,352,352,351,351,351,351,351,351,350,350,350,350,350,350,350,349,345,336,335,324,319,311,304,299,294,290,288,284,280,276,271,269,267,267,266,266,266,266,267,270,272,273,274,275,277,597,596,594,593,590,589,587,587,584,584,580,577,572,565,561,558,557,556,556,549,546,541,537,530,516,503,482,462,446,435,425,418,412,408,398,386,380,369,363,361,360,360,360,359,357,357,355,355,355,355,355,355,355,353,353,352,351,349,347,347,347,346,346,345,341,340,339,338,338,338,338,338,338,338,341,341,343,343,345,345,346,347,348,349,349,351,352,353,356,356,356,356,356,356,356,356,356,355,352,349,347,345,343,341,341,340,340,338,338,338,337,337,337,337,337,337,337,337,337,337,337,337,337,337,337,337,337,337,337,337,337,338,341,343,345,345,345,346,346,348,348,349,349,349,349,349,349,350,350,350,350,350,350,350,351,355,364,365,376,381,389,396,401,406,410,412,416,420,424,429,431,433,433,434,434,434,434,433,430,428,427,426,425,423
280224142517,contentment,21,Male,Student,Expert,fear,No,3328,contentment,816,828,835,840,842,845,847,849,850,852,852,853,856,856,857,854,837,756,712,664,598,582,545,518,495,487,484,480,476,473,468,461,454,451,445,444,448,453,466,469,474,484,499,520,540,558,564,579,588,599,608,616,620,625,628,631,639,651,663,669,672,674,676,683,688,692,697,704,706,715,723,729,733,739,742,748,752,758,764,773,784,792,797,801,806,810,811,813,817,822,828,834,842,846,849,852,856,862,863,864,865,867,871,877,884,892,902,917,929,938,941,946,947,948,949,952,953,955,957,960,966,970,974,975,976,978,816,828,835,840,842,845,847,849,850,852,852,853,856,856,857,854,837,756,712,664,598,582,545,518,495,487,484,480,476,473,468,461,454,451,445,444,448,453,466,469,474,484,499,520,540,558,564,579,588,599,608,616,620,625,628,631,639,651,663,669,672,674,676,683,688,692,697,704,706,715,723,729,733,739,742,748,752,758,764,773,784,792,797,801,806,810,811,813,817,822,828,834,842,846,849,852,856,862,863,864,865,867,871,877,884,892,902,917,929,938,941,946,947,948,949,952,953,955,957,960,966,970,974,975,976,978,131,142,147,151,155,159,161,163,165,167,170,171,175,177,178,179,189,224,245,264,294,305,325,342,357,360,363,365,366,366,367,369,370,372,372,372,372,372,373,374,374,374,374,372,368,363,359,356,354,352,351,349,349,347,347,347,347,347,347,347,347,347,347,347,347,346,346,346,346,346,346,346,346,346,346,346,346,346,346,346,344,344,344,344,344,344,344,344,344,344,344,344,344,344,344,344,344,344,344,344,344,344,344,344,335,325,315,297,289,285,283,283,282,282,282,282,282,282,282,283,283,285,285,285,285,285,569,558,553,549,545,541,539,537,535,533,530,529,525,523,522,521,511,476,455,436,406,395,375,358,343,340,337,335,334,334,333,331,330,328,328,328,328,328,327,326,326,326,326,328,332,337,341,344,346,348,349,351,351,353,353,353,353,353,353,353,353,353,353,353,353,354,354,354,354,354,354,354,354,354,354,354,354,354,354,354,356,356,356,356,356,356,356,356,356,356,356,356,356,356,356,356,356,356,356,356,356,356,356,356,365,375,385,403,411,415,417,417,418,418,418,418,418,418,418,417,417,415,415,415,415,415
280224143050,excitement,21,Female,Student,Intermediate,awe,Yes,4608,awe,815,835,864,906,949,976,998,1003,1008,1009,1011,1012,1012,1012,1012,1012,1012,1012,1010,1007,1001,1000,994,981,965,935,900,857,812,780,749,696,663,638,620,606,598,588,581,571,560,548,547,540,534,517,496,485,474,456,437,424,410,394,376,368,363,364,379,396,404,408,412,419,427,448,465,479,490,502,509,517,528,541,558,565,571,577,580,583,590,600,614,631,641,657,668,676,679,680,682,686,688,690,697,703,719,725,728,732,736,745,752,757,761,768,770,776,780,787,795,808,832,844,854,860,864,867,873,878,884,887,893,919,942,966,987,1002,1014,1028,1046,1060,1076,1087,1097,1112,1127,1134,1139,1136,1075,1013,941,876,830,810,795,775,730,654,606,581,572,567,561,555,540,526,510,494,490,488,481,463,444,433,431,428,416,404,404,406,407,407,408,410,411,416,418,421,424,427,427,815,835,864,906,949,976,998,1003,1008,1009,1011,1012,1012,1012,1012,1012,1012,1012,1010,1007,1001,1000,994,981,965,935,900,857,812,780,749,696,663,638,620,606,598,588,581,571,560,548,547,540,534,517,496,485,474,456,437,424,410,394,376,368,363,364,379,396,404,408,412,419,427,448,465,479,490,502,509,517,528,541,558,565,571,577,580,583,590,600,614,631,641,657,668,676,679,680,682,686,688,690,697,703,719,725,728,732,736,745,752,757,761,768,770,776,780,787,795,808,832,844,854,860,864,867,873,878,884,887,893,919,942,966,987,1002,1014,1028,1046,1060,1076,1087,1097,1112,1127,1134,1139,1136,1075,1013,941,876,830,810,795,775,730,654,606,581,572,567,561,555,540,526,510,494,490,488,481,463,444,433,431,428,416,404,404,406,407,407,408,410,411,416,418,421,424,427,427,103,103,106,111,117,122,130,133,135,138,143,151,157,165,177,184,191,196,203,215,223,229,238,250,262,279,300,319,338,349,358,369,375,379,379,379,379,379,379,379,379,375,375,374,373,371,371,371,371,371,371,371,371,371,371,371,371,371,371,371,369,368,366,366,364,361,358,356,354,354,352,351,349,347,345,343,343,342,342,342,340,340,339,339,339,339,339,339,339,337,337,337,337,337,337,337,339,339,339,339,339,339,339,339,339,339,339,339,339,339,339,339,339,339,339,339,339,339,340,341,341,342,343,345,347,347,347,347,347,347,347,347,343,342,339,335,334,334,332,332,340,347,350,350,350,350,350,350,350,350,353,356,358,359,359,359,359,359,359,359,359,359,359,351,345,341,339,336,331,328,325,323,321,320,319,319,318,315,313,311,307,305,303,597,597,594,589,583,578,570,567,565,562,557,549,543,535,523,516,509,504,497,485,477,471,462,450,438,421,400,381,362,351,342,331,325,321,321,321,321,321,321,321,321,325,325,326,327,329,329,329,329,329,329,329,329,329,329,329,329,329,329,329,331,332,334,334,336,339,342,344,346,346,348,349,351,353,355,357,357,358,358,358,360,360,361,361,361,361,361,361,361,363,363,363,363,363,363,363,361,361,361,361,361,361,361,361,361,361,361,361,361,361,361,361,361,361,361,361,361,361,360,359,359,358,357,355,353,353,353,353,353,353,353,353,357,358,361,365,366,366,368,368,360,353,350,350,350,350,350,350,350,350,347,344,342,341,341,341,341,341,341,341,341,341,341,349,355,359,361,364,369,372,375,377,379,380,381,381,382,385,387,389,393,395,397
280224143050,excitement,21,Female,Student,Intermediate,sadness,No,8143,sadness,780,811,838,852,860,863,867,873,877,883,888,919,956,1000,1060,1131,1189,1248,1276,1285,1285,1285,1285,1284,1259,1212,1150,1080,1012,972,941,923,899,893,878,874,869,868,866,864,864,863,863,861,857,856,856,856,856,854,851,849,849,898,952,984,996,1001,1003,1004,1004,1004,1000,981,963,948,935,917,893,870,845,807,754,686,613,559,535,518,498,489,480,464,452,441,437,436,436,436,436,436,441,451,466,484,519,583,669,838,904,1101,1220,1321,1372,1396,1412,1418,1423,1426,1428,1428,1428,1422,1408,1392,1374,1357,1330,1308,1298,1270,1254,1237,1222,1208,1204,1199,1193,1184,1176,1169,1164,1161,1158,1150,1141,1124,1116,1112,780,811,838,852,860,863,867,873,877,883,888,919,956,1000,1060,1131,1189,1248,1276,1285,1285,1285,1285,1284,1259,1212,1150,1080,1012,972,941,923,899,893,878,874,869,868,866,864,864,863,863,861,857,856,856,856,856,854,851,849,849,898,952,984,996,1001,1003,1004,1004,1004,1000,981,963,948,935,917,893,870,845,807,754,686,613,559,535,518,498,489,480,464,452,441,437,436,436,436,436,436,441,451,466,484,519,583,669,838,904,1101,1220,1321,1372,1396,1412,1418,1423,1426,1428,1428,1428,1422,1408,1392,1374,1357,1330,1308,1298,1270,1254,1237,1222,1208,1204,1199,1193,1184,1176,1169,1164,1161,1158,1150,1141,1124,1116,1112,55,59,62,62,63,65,68,70,70,72,74,83,88,94,100,114,123,140,150,155,158,167,170,177,197,219,238,255,263,269,274,275,275,275,271,269,269,268,267,266,263,263,262,256,241,238,239,242,244,244,239,237,233,219,206,198,196,195,195,195,199,202,202,207,215,229,240,254,266,276,287,299,307,318,325,325,325,325,325,325,321,313,303,299,295,295,293,287,279,275,267,251,238,231,219,205,194,174,166,150,135,130,123,123,123,123,126,133,142,147,153,161,170,177,182,184,187,188,191,197,201,205,211,215,217,219,223,228,235,243,247,252,257,267,278,291,294,295,645,641,638,638,637,635,632,630,630,628,626,617,612,606,600,586,577,560,550,545,542,533,530,523,503,481,462,445,437,431,426,425,425,425,429,431,431,432,433,434,437,437,438,444,459,462,461,458,456,456,461,463,467,481,494,502,504,505,505,505,501,498,498,493,485,471,460,446,434,424,413,401,393,382,375,375,375,375,375,375,379,387,397,401,405,405,407,413,421,425,433,449,462,469,481,495,506,526,534,550,565,570,577,577,577,577,574,567,558,553,547,539,530,523,518,516,513,512,509,503,499,495,489,485,483,481,477,472,465,457,453,448,443,433,422,409,406,405
280224143050,excitement,21,Female,Student,Intermediate,fear,No,11311,fear,796,815,836,860,887,921,1000,1031,1111,1152,1175,1195,1207,1212,1214,1216,1216,1215,1211,1199,1179,1155,1131,1102,1069,1006,916,826,731,652,584,520,497,480,468,456,447,439,436,430,423,415,408,400,396,394,392,391,389,389,389,389,393,396,402,407,420,441,465,496,536,564,592,613,624,631,635,636,637,641,644,647,652,657,667,683,694,710,724,728,730,735,737,738,740,751,755,771,778,781,782,796,816,843,866,886,897,904,912,919,921,924,924,924,926,928,932,940,948,955,961,964,965,966,969,974,981,983,986,988,987,982,976,974,973,972,970,968,966,965,964,958,948,940,936,936,933,914,888,862,836,807,779,757,746,744,736,733,727,723,722,719,719,715,712,711,708,706,706,706,705,704,699,698,700,711,719,740,756,769,781,790,807,824,838,844,857,874,881,886,892,896,900,902,904,908,913,918,922,928,933,939,942,944,948,953,957,960,961,796,815,836,860,887,921,1000,1031,1111,1152,1175,1195,1207,1212,1214,1216,1216,1215,1211,1199,1179,1155,1131,1102,1069,1006,916,826,731,652,584,520,497,480,468,456,447,439,436,430,423,415,408,400,396,394,392,391,389,389,389,389,393,396,402,407,420,441,465,496,536,564,592,613,624,631,635,636,637,641,644,647,652,657,667,683,694,710,724,728,730,735,737,738,740,751,755,771,778,781,782,796,816,843,866,886,897,904,912,919,921,924,924,924,926,928,932,940,948,955,961,964,965,966,969,974,981,983,986,988,987,982,976,974,973,972,970,968,966,965,964,958,948,940,936,936,933,914,888,862,836,807,779,757,746,744,736,733,727,723,722,719,719,715,712,711,708,706,706,706,705,704,699,698,700,711,719,740,756,769,781,790,807,824,838,844,857,874,881,886,892,896,900,902,904,908,913,918,922,928,933,939,942,944,948,953,957,960,961,65,65,67,72,78,86,107,122,168,206,237,274,310,333,349,365,391,393,397,397,397,397,397,397,397,388,373,359,343,332,322,313,309,307,304,304,304,304,304,308,313,319,325,337,346,356,361,366,370,371,372,374,375,375,375,377,377,377,377,374,367,363,360,355,354,354,354,354,354,354,354,354,354,354,354,354,354,354,354,354,354,354,354,354,354,354,354,354,354,355,355,355,355,355,348,348,347,345,343,343,342,342,341,340,340,340,340,340,340,340,340,340,340,340,340,343,345,346,346,347,347,347,347,347,347,347,347,347,347,347,347,345,339,336,335,334,333,331,327,324,320,318,318,313,311,311,311,315,319,322,323,328,333,347,354,361,366,368,369,371,371,372,372,372,372,372,372,366,359,355,351,345,337,331,327,323,320,319,318,316,315,315,315,315,314,312,311,307,303,299,297,294,292,290,288,287,287,287,287,635,635,633,628,622,614,593,578,532,494,463,426,390,367,351,335,309,307,303,303,303,303,303,303,303,312,327,341,357,368,378,387,391,393,396,396,396,396,396,392,387,381,375,363,354,344,339,334,330,329,328,326,325,325,325,323,323,323,323,326,333,337,340,345,346,346,346,346,346,346,346,346,346,346,346,346,346,346,346,346,346,346,346,346,346,346,346,346,346,345,345,345,345,345,352,352,353,355,357,357,358,358,359,360,360,360,360,360,360,360,360,360,360,360,360,357,355,354,354,353,353,353,353,353,353,353,353,353,353,353,353,355,361,364,365,366,367,369,373,376,380,382,382,387,389,389,389,385,381,378,377,372,367,353,346,339,334,332,331,329,329,328,328,328,328,328,328,334,341,345,349,355,363,369,373,377,380,381,382,384,385,385,385,385,386,388,389,393,397,401,403,406,408,410,412,413,413,413,413
280224143050,excitement,21,Female,Student,Intermediate,contentment,Yes,3576,contentment,780,780,780,780,780,779,770,754,739,720,682,678,675,672,668,663,654,646,632,620,607,592,580,565,555,535,527,520,513,506,500,492,484,470,453,433,417,400,389,375,368,364,360,356,353,351,348,346,345,348,362,365,384,400,416,441,449,473,482,495,507,519,535,551,564,580,598,615,631,650,666,672,675,676,682,684,691,700,704,715,720,727,731,734,740,742,745,749,753,764,777,793,809,819,836,848,856,866,877,891,907,916,923,927,932,935,942,954,968,986,1008,1028,1052,1068,1080,1083,1074,1064,1037,1009,985,955,935,908,876,833,742,680,638,594,560,518,467,422,388,364,347,340,339,337,337,337,350,364,388,410,434,451,456,780,780,780,780,780,779,770,754,739,720,682,678,675,672,668,663,654,646,632,620,607,592,580,565,555,535,527,520,513,506,500,492,484,470,453,433,417,400,389,375,368,364,360,356,353,351,348,346,345,348,362,365,384,400,416,441,449,473,482,495,507,519,535,551,564,580,598,615,631,650,666,672,675,676,682,684,691,700,704,715,720,727,731,734,740,742,745,749,753,764,777,793,809,819,836,848,856,866,877,891,907,916,923,927,932,935,942,954,968,986,1008,1028,1052,1068,1080,1083,1074,1064,1037,1009,985,955,935,908,876,833,742,680,638,594,560,518,467,422,388,364,347,340,339,337,337,337,350,364,388,410,434,451,456,104,103,102,101,99,104,125,147,167,187,214,219,224,227,235,239,247,255,263,271,281,289,295,300,305,313,315,316,318,318,319,319,322,322,326,328,330,332,335,339,343,344,345,347,347,349,351,352,353,354,355,357,359,361,362,365,365,365,365,365,365,365,365,365,365,365,365,365,365,365,365,365,365,365,363,362,360,357,357,355,355,354,354,354,354,354,354,352,352,352,352,352,352,352,352,352,352,352,352,352,352,352,352,352,352,352,352,352,352,352,352,352,352,352,352,352,352,352,352,350,346,336,334,324,322,317,303,297,288,283,279,279,274,271,268,266,262,262,262,262,263,265,267,269,271,275,282,284,284,596,597,598,599,601,596,575,553,533,513,486,481,476,473,465,461,453,445,437,429,419,411,405,400,395,387,385,384,382,382,381,381,378,378,374,372,370,368,365,361,357,356,355,353,353,351,349,348,347,346,345,343,341,339,338,335,335,335,335,335,335,335,335,335,335,335,335,335,335,335,335,335,335,335,337,338,340,343,343,345,345,346,346,346,346,346,346,348,348,348,348,348,348,348,348,348,348,348,348,348,348,348,348,348,348,348,348,348,348,348,348,348,348,348,348,348,348,348,348,350,354,364,366,376,378,383,397,403,412,417,421,421,426,429,432,434,438,438,438,438,437,435,433,431,429,425,418,416,416
280224143050,excitement,21,Female,Student,Intermediate,amusement,Yes,6424,amusement,819,819,820,823,823,824,824,824,825,825,827,827,828,828,828,828,828,828,829,829,829,829,829,829,829,831,831,832,834,835,840,843,844,844,841,840,835,832,828,825,821,818,816,812,810,809,807,804,801,800,798,798,798,796,796,794,792,791,787,780,772,760,751,744,733,727,706,693,674,658,643,622,604,585,569,552,540,530,517,509,502,499,496,492,491,489,489,488,488,487,486,485,819,819,820,823,823,824,824,824,825,825,827,827,828,828,828,828,828,828,829,829,829,829,829,829,829,831,831,832,834,835,840,843,844,844,841,840,835,832,828,825,821,818,816,812,810,809,807,804,801,800,798,798,798,796,796,794,792,791,787,780,772,760,751,744,733,727,706,693,674,658,643,622,604,585,569,552,540,530,517,509,502,499,496,492,491,489,489,488,488,487,486,485,108,105,100,93,91,87,85,83,77,75,73,71,70,69,65,58,53,49,43,40,39,38,37,35,31,30,29,28,28,28,32,33,34,39,45,51,57,63,71,75,79,82,85,87,89,90,91,95,97,99,100,102,103,103,105,106,109,110,112,113,116,120,122,123,127,128,133,139,140,144,144,151,155,163,170,176,183,189,206,218,229,235,243,251,258,264,269,273,276,278,279,281,592,595,600,607,609,613,615,617,623,625,627,629,630,631,635,642,647,651,657,660,661,662,663,665,669,670,671,672,672,672,668,667,666,661,655,649,643,637,629,625,621,618,615,613,611,610,609,605,603,601,600,598,597,597,595,594,591,590,588,587,584,580,578,577,573,572,567,561,560,556,556,549,545,537,530,524,517,511,494,482,471,465,457,449,442,436,431,427,424,422,421,419
280224143050,excitement,21,Female,Student,Intermediate,anger,Yes,26848,contentment,723,723,723,723,723,723,723,724,726,726,728,733,737,742,746,749,755,760,762,763,764,768,772,778,784,788,791,796,800,804,806,808,809,809,809,806,802,794,777,758,736,715,698,687,676,668,659,652,644,632,621,606,588,568,552,535,521,510,491,484,484,483,478,472,466,455,425,406,396,388,386,382,379,366,351,341,336,334,332,325,319,316,314,312,310,311,312,319,324,336,339,350,359,364,376,384,390,401,415,428,439,456,476,497,527,548,563,572,583,594,598,605,618,620,633,643,651,665,688,707,723,741,759,780,799,806,820,830,837,845,848,851,852,854,856,857,857,859,859,860,860,861,861,861,861,862,863,863,863,863,864,865,865,865,865,865,865,865,865,866,868,868,869,869,869,870,875,876,879,880,880,881,882,883,884,886,887,888,888,889,889,891,892,893,895,896,898,898,898,899,900,900,899,880,856,836,823,812,781,772,752,733,705,684,666,644,617,580,537,504,472,447,420,399,372,359,348,337,330,324,317,314,309,304,302,301,301,304,308,311,316,319,321,324,324,324,324,326,326,328,330,331,333,335,338,340,342,344,345,348,349,351,352,352,352,352,352,352,354,356,358,360,361,362,363,364,364,365,369,372,376,378,380,385,386,387,388,389,393,396,400,401,402,723,723,723,723,723,723,723,724,726,726,728,733,737,742,746,749,755,760,762,763,764,768,772,778,784,788,791,796,800,804,806,808,809,809,809,806,802,794,777,758,736,715,698,687,676,668,659,652,644,632,621,606,588,568,552,535,521,510,491,484,484,483,478,472,466,455,425,406,396,388,386,382,379,366,351,341,336,334,332,325,319,316,314,312,310,311,312,319,324,336,339,350,359,364,376,384,390,401,415,428,439,456,476,497,527,548,563,572,583,594,598,605,618,620,633,643,651,665,688,707,723,741,759,780,799,806,820,830,837,845,848,851,852,854,856,857,857,859,859,860,860,861,861,861,861,862,863,863,863,863,864,865,865,865,865,865,865,865,865,866,868,868,869,869,869,870,875,876,879,880,880,881,882,883,884,886,887,888,888,889,889,891,892,893,895,896,898,898,898,899,900,900,899,880,856,836,823,812,781,772,752,733,705,684,666,644,617,580,537,504,472,447,420,399,372,359,348,337,330,324,317,314,309,304,302,301,301,304,308,311,316,319,321,324,324,324,324,326,326,328,330,331,333,335,338,340,342,344,345,348,349,351,352,352,352,352,352,352,354,356,358,360,361,362,363,364,364,365,369,372,376,378,380,385,386,387,388,389,393,396,400,401,402,127,116,112,108,107,99,91,81,75,72,71,69,69,68,68,68,68,68,68,68,68,71,74,81,90,95,100,111,120,131,135,143,146,148,151,152,154,154,156,160,163,169,175,177,184,186,191,195,199,207,214,219,228,242,249,259,267,272,282,283,284,285,290,294,299,308,323,331,338,341,343,344,345,347,348,349,351,351,351,351,351,351,351,351,351,351,351,351,352,355,355,355,357,359,360,360,362,362,362,362,362,362,362,362,362,362,362,362,362,362,362,362,362,362,364,364,364,364,364,364,364,364,364,364,357,354,343,338,328,319,312,308,303,298,289,281,273,265,258,251,247,243,241,240,239,238,238,235,234,232,231,230,227,226,224,223,222,221,219,219,219,217,215,211,210,211,208,206,203,201,199,198,195,191,191,191,190,189,187,185,183,182,178,171,169,167,167,166,165,163,159,157,156,157,157,160,163,166,170,170,174,180,189,198,208,222,231,248,264,275,290,303,318,330,351,366,383,398,411,422,427,431,432,432,432,431,429,422,415,409,404,403,403,402,401,399,396,393,389,386,383,376,371,364,358,354,350,347,345,343,341,341,340,341,342,343,344,346,343,339,338,335,332,331,331,331,329,327,323,322,320,319,319,317,317,315,315,315,311,307,305,303,303,573,584,588,592,593,601,609,619,625,628,629,631,631,632,632,632,632,632,632,632,632,629,626,619,610,605,600,589,580,569,565,557,554,552,549,548,546,546,544,540,537,531,525,523,516,514,509,505,501,493,486,481,472,458,451,441,433,428,418,417,416,415,410,406,401,392,377,369,362,359,357,356,355,353,352,351,349,349,349,349,349,349,349,349,349,349,349,349,348,345,345,345,343,341,340,340,338,338,338,338,338,338,338,338,338,338,338,338,338,338,338,338,338,338,336,336,336,336,336,336,336,336,336,336,343,346,357,362,372,381,388,392,397,402,411,419,427,435,442,449,453,457,459,460,461,462,462,465,466,468,469,470,473,474,476,477,478,479,481,481,481,483,485,489,490,489,492,494,497,499,501,502,505,509,509,509,510,511,513,515,517,518,522,529,531,533,533,534,535,537,541,543,544,543,543,540,537,534,530,530,526,520,511,502,492,478,469,452,436,425,410,397,382,370,349,334,317,302,289,278,273,269,268,268,268,269,271,278,285,291,296,297,297,298,299,301,304,307,311,314,317,324,329,336,342,346,350,353,355,357,359,359,360,359,358,357,356,354,357,361,362,365,368,369,369,369,371,373,377,378,380,381,381,383,383,385,385,385,389,393,395,397,397
280224143050,excitement,21,Female,Student,Intermediate,excitement,Yes,9200,excitement,788,780,767,748,733,720,715,708,704,702,701,700,698,693,691,681,676,671,660,648,633,621,606,598,589,579,570,560,547,536,526,517,507,501,497,492,484,479,472,466,457,449,444,439,433,425,416,405,392,384,376,370,364,361,359,356,351,348,347,344,342,337,332,328,325,324,325,328,330,330,333,334,336,339,340,341,343,346,348,351,357,361,366,370,374,377,378,380,378,368,365,364,363,363,366,377,383,390,400,420,425,426,427,431,440,456,476,501,513,525,532,537,539,540,541,541,543,544,548,552,552,553,555,559,567,571,573,580,588,599,610,621,625,627,628,629,632,633,636,640,642,644,651,656,661,664,667,669,671,673,674,676,679,680,681,683,686,689,691,695,701,703,704,705,709,714,723,724,729,732,737,740,744,747,750,752,759,768,778,789,798,804,810,818,824,832,838,841,846,852,856,860,863,865,869,874,880,888,894,900,904,907,910,912,921,929,937,942,948,950,955,960,967,969,975,980,987,994,1000,1006,1012,1017,1027,1043,1053,1067,1078,1094,1108,1133,1158,1182,1198,1206,1207,1208,1206,1176,1048,902,751,616,505,429,394,378,373,372,371,365,359,345,329,305,284,269,250,249,250,256,266,283,304,328,347,366,385,389,399,408,412,418,426,428,428,432,437,442,443,444,446,447,452,459,465,472,474,475,476,476,476,476,476,476,476,476,476,476,476,476,477,478,480,482,484,485,485,486,487,488,488,490,490,492,492,492,492,493,493,495,496,497,499,500,501,503,504,509,520,521,788,780,767,748,733,720,715,708,704,702,701,700,698,693,691,681,676,671,660,648,633,621,606,598,589,579,570,560,547,536,526,517,507,501,497,492,484,479,472,466,457,449,444,439,433,425,416,405,392,384,376,370,364,361,359,356,351,348,347,344,342,337,332,328,325,324,325,328,330,330,333,334,336,339,340,341,343,346,348,351,357,361,366,370,374,377,378,380,378,368,365,364,363,363,366,377,383,390,400,420,425,426,427,431,440,456,476,501,513,525,532,537,539,540,541,541,543,544,548,552,552,553,555,559,567,571,573,580,588,599,610,621,625,627,628,629,632,633,636,640,642,644,651,656,661,664,667,669,671,673,674,676,679,680,681,683,686,689,691,695,701,703,704,705,709,714,723,724,729,732,737,740,744,747,750,752,759,768,778,789,798,804,810,818,824,832,838,841,846,852,856,860,863,865,869,874,880,888,894,900,904,907,910,912,921,929,937,942,948,950,955,960,967,969,975,980,987,994,1000,1006,1012,1017,1027,1043,1053,1067,1078,1094,1108,1133,1158,1182,1198,1206,1207,1208,1206,1176,1048,902,751,616,505,429,394,378,373,372,371,365,359,345,329,305,284,269,250,249,250,256,266,283,304,328,347,366,385,389,399,408,412,418,426,428,428,432,437,442,443,444,446,447,452,459,465,472,474,475,476,476,476,476,476,476,476,476,476,476,476,476,477,478,480,482,484,485,485,486,487,488,488,490,490,492,492,492,492,493,493,495,496,497,499,500,501,503,504,509,520,521,91,99,113,127,138,145,147,149,150,150,150,150,150,152,153,159,163,168,179,195,206,216,229,239,250,264,278,292,315,332,346,359,371,377,383,387,391,391,392,392,392,392,392,392,392,392,395,396,398,402,402,403,405,405,405,405,403,400,397,395,395,389,383,380,379,378,378,378,378,379,380,380,380,381,382,382,382,382,382,382,380,380,379,377,377,375,375,375,375,372,371,371,372,374,375,375,375,374,371,367,367,367,367,367,364,364,364,365,373,383,391,401,403,403,395,386,375,366,355,351,348,348,348,348,348,348,348,348,348,348,347,345,345,345,345,345,345,345,345,345,345,347,348,350,351,351,353,353,354,354,354,355,356,358,358,359,362,363,364,364,366,366,366,366,366,366,366,366,366,367,367,367,367,367,367,367,367,367,366,364,363,363,361,361,359,359,359,358,358,356,356,356,356,356,356,356,356,355,355,355,353,353,353,353,353,353,353,353,353,353,353,353,353,353,353,353,353,353,353,353,353,353,353,353,353,353,353,353,353,351,351,351,351,351,351,351,351,352,352,352,352,352,352,352,352,352,352,352,352,354,355,358,359,362,366,368,374,374,374,374,373,371,364,360,360,360,358,358,356,355,353,351,347,345,344,343,343,341,341,341,341,341,339,338,336,335,335,334,333,332,327,325,318,313,307,302,295,291,289,287,286,285,283,275,272,268,267,266,266,266,267,268,269,269,271,272,275,276,278,279,280,280,280,280,280,280,280,280,283,283,609,601,587,573,562,555,553,551,550,550,550,550,550,548,547,541,537,532,521,505,494,484,471,461,450,436,422,408,385,368,354,341,329,323,317,313,309,309,308,308,308,308,308,308,308,308,305,304,302,298,298,297,295,295,295,295,297,300,303,305,305,311,317,320,321,322,322,322,322,321,320,320,320,319,318,318,318,318,318,318,320,320,321,323,323,325,325,325,325,328,329,329,328,326,325,325,325,326,329,333,333,333,333,333,336,336,336,335,327,317,309,299,297,297,305,314,325,334,345,349,352,352,352,352,352,352,352,352,352,352,353,355,355,355,355,355,355,355,355,355,355,353,352,350,349,349,347,347,346,346,346,345,344,342,342,341,338,337,336,336,334,334,334,334,334,334,334,334,334,333,333,333,333,333,333,333,333,333,334,336,337,337,339,339,341,341,341,342,342,344,344,344,344,344,344,344,344,345,345,345,347,347,347,347,347,347,347,347,347,347,347,347,347,347,347,347,347,347,347,347,347,347,347,347,347,347,347,347,347,349,349,349,349,349,349,349,349,348,348,348,348,348,348,348,348,348,348,348,348,346,345,342,341,338,334,332,326,326,326,326,327,329,336,340,340,340,342,342,344,345,347,349,353,355,356,357,357,359,359,359,359,359,361,362,364,365,365,366,367,368,373,375,382,387,393,398,405,409,411,413,414,415,417,425,428,432,433,434,434,434,433,432,431,431,429,428,425,424,422,421,420,420,420,420,420,420,420,420,417,417
280224143050,excitement,21,Female,Student,Intermediate,disgust,Yes,11420,disgust,758,767,779,786,792,799,801,803,803,803,803,791,773,751,728,698,668,645,620,600,582,565,536,525,497,477,460,440,416,392,370,352,346,344,343,340,337,336,334,330,328,326,325,324,324,325,328,338,346,347,348,360,372,381,389,395,398,402,404,406,408,415,419,432,444,452,460,464,470,473,476,478,480,482,486,491,494,497,505,513,517,524,528,532,534,539,541,544,546,549,550,556,558,563,568,573,577,582,588,598,607,611,612,615,616,619,621,625,630,634,640,644,650,660,673,683,688,691,692,698,703,704,709,712,713,716,720,729,731,736,739,740,741,743,747,752,754,755,756,758,759,761,763,768,771,772,775,780,782,784,787,789,794,796,804,824,844,866,887,908,926,939,950,952,953,952,921,846,816,808,807,803,798,791,781,762,744,720,682,627,597,585,545,533,505,460,432,404,384,363,348,337,336,334,335,340,362,370,387,396,402,406,408,410,411,412,415,416,418,423,425,432,434,436,438,440,451,463,478,495,501,506,507,509,512,513,515,516,518,520,526,532,538,540,542,544,546,547,548,552,556,559,561,568,572,572,576,584,588,591,593,595,596,597,601,604,605,609,613,616,620,624,625,628,629,630,632,634,638,644,650,658,659,660,664,672,680,692,697,704,708,714,718,720,724,726,728,737,742,752,766,780,791,798,804,811,816,820,827,830,834,840,846,853,863,871,877,881,894,907,918,926,931,932,933,936,937,938,940,946,960,970,980,986,988,990,991,992,993,995,996,997,998,1000,1000,1000,1000,1000,1000,1000,998,998,996,995,988,983,979,970,966,961,953,942,926,900,861,812,773,722,694,672,649,626,608,584,560,532,512,499,488,472,463,455,450,445,444,443,440,438,434,432,429,425,422,419,411,407,402,394,389,387,386,384,385,410,420,423,424,427,432,439,443,451,457,471,492,508,527,550,568,586,599,608,612,616,620,628,642,658,674,688,704,717,730,744,760,775,787,795,811,824,843,848,850,854,857,861,867,873,877,882,888,898,908,922,936,949,960,966,972,973,974,974,971,944,914,877,833,787,741,701,667,634,612,588,575,565,553,540,521,499,472,441,398,356,325,307,305,303,301,300,300,300,300,306,312,327,344,374,392,406,410,412,412,412,414,416,419,424,427,432,758,767,779,786,792,799,801,803,803,803,803,791,773,751,728,698,668,645,620,600,582,565,536,525,497,477,460,440,416,392,370,352,346,344,343,340,337,336,334,330,328,326,325,324,324,325,328,338,346,347,348,360,372,381,389,395,398,402,404,406,408,415,419,432,444,452,460,464,470,473,476,478,480,482,486,491,494,497,505,513,517,524,528,532,534,539,541,544,546,549,550,556,558,563,568,573,577,582,588,598,607,611,612,615,616,619,621,625,630,634,640,644,650,660,673,683,688,691,692,698,703,704,709,712,713,716,720,729,731,736,739,740,741,743,747,752,754,755,756,758,759,761,763,768,771,772,775,780,782,784,787,789,794,796,804,824,844,866,887,908,926,939,950,952,953,952,921,846,816,808,807,803,798,791,781,762,744,720,682,627,597,585,545,533,505,460,432,404,384,363,348,337,336,334,335,340,362,370,387,396,402,406,408,410,411,412,415,416,418,423,425,432,434,436,438,440,451,463,478,495,501,506,507,509,512,513,515,516,518,520,526,532,538,540,542,544,546,547,548,552,556,559,561,568,572,572,576,584,588,591,593,595,596,597,601,604,605,609,613,616,620,624,625,628,629,630,632,634,638,644,650,658,659,660,664,672,680,692,697,704,708,714,718,720,724,726,728,737,742,752,766,780,791,798,804,811,816,820,827,830,834,840,846,853,863,871,877,881,894,907,918,926,931,932,933,936,937,938,940,946,960,970,980,986,988,990,991,992,993,995,996,997,998,1000,1000,1000,1000,1000,1000,1000,998,998,996,995,988,983,979,970,966,961,953,942,926,900,861,812,773,722,694,672,649,626,608,584,560,532,512,499,488,472,463,455,450,445,444,443,440,438,434,432,429,425,422,419,411,407,402,394,389,387,386,384,385,410,420,423,424,427,432,439,443,451,457,471,492,508,527,550,568,586,599,608,612,616,620,628,642,658,674,688,704,717,730,744,760,775,787,795,811,824,843,848,850,854,857,861,867,873,877,882,888,898,908,922,936,949,960,966,972,973,974,974,971,944,914,877,833,787,741,701,667,634,612,588,575,565,553,540,521,499,472,441,398,356,325,307,305,303,301,300,300,300,300,306,312,327,344,374,392,406,410,412,412,412,414,416,419,424,427,432,117,123,131,137,141,147,149,152,153,159,168,184,199,211,221,235,247,255,261,263,265,267,274,274,280,283,287,288,293,297,302,304,304,304,306,310,315,318,323,333,342,348,353,355,357,358,359,359,361,361,361,361,361,360,360,359,359,359,357,357,357,357,355,355,354,354,354,354,354,354,354,354,354,354,354,354,354,354,354,354,354,354,354,354,354,354,354,354,354,354,354,354,354,354,354,352,352,351,351,351,349,349,349,349,349,349,349,349,349,349,349,349,349,349,349,349,349,349,349,349,349,349,349,349,349,350,350,351,351,351,352,352,352,352,352,352,352,352,352,352,352,353,354,354,354,354,354,354,354,355,355,355,355,356,356,356,356,356,356,356,359,363,363,364,364,367,371,380,386,386,387,387,387,387,388,388,388,388,388,388,388,388,384,384,380,373,371,364,359,358,353,351,350,350,350,351,357,357,359,360,360,360,360,360,360,360,360,360,360,360,360,360,360,360,360,360,360,360,363,365,366,367,367,367,367,367,367,367,367,367,367,367,367,367,367,367,367,367,366,366,364,363,362,358,356,355,355,355,355,355,355,355,354,354,354,354,354,354,354,354,354,354,354,354,354,354,354,354,354,354,354,354,354,354,354,352,352,352,352,352,352,352,352,352,352,352,351,350,348,347,344,343,340,339,339,339,339,339,339,339,339,339,339,339,339,339,339,339,339,339,339,339,339,339,339,339,339,339,339,338,337,335,332,332,331,330,330,329,327,324,323,322,321,319,318,317,315,313,312,308,308,307,307,306,304,303,302,299,299,299,299,296,296,296,296,296,296,296,296,296,296,298,299,302,304,308,308,311,312,314,316,318,318,319,319,320,323,324,327,328,331,335,338,339,343,344,346,347,347,347,347,347,347,351,353,353,353,353,353,353,353,353,352,352,351,351,351,351,351,351,351,351,351,351,351,351,351,351,351,351,351,351,351,351,351,351,351,351,351,351,351,351,351,351,351,351,351,351,351,349,347,346,344,344,342,342,340,340,340,340,339,343,347,357,367,373,380,386,392,395,397,397,397,397,399,399,399,399,399,399,399,399,399,399,399,399,399,398,394,389,387,380,374,367,362,359,355,355,355,355,355,355,352,347,338,332,320,312,310,310,583,577,569,563,559,553,551,548,547,541,532,516,501,489,479,465,453,445,439,437,435,433,426,426,420,417,413,412,407,403,398,396,396,396,394,390,385,382,377,367,358,352,347,345,343,342,341,341,339,339,339,339,339,340,340,341,341,341,343,343,343,343,345,345,346,346,346,346,346,346,346,346,346,346,346,346,346,346,346,346,346,346,346,346,346,346,346,346,346,346,346,346,346,346,346,348,348,349,349,349,351,351,351,351,351,351,351,351,351,351,351,351,351,351,351,351,351,351,351,351,351,351,351,351,351,350,350,349,349,349,348,348,348,348,348,348,348,348,348,348,348,347,346,346,346,346,346,346,346,345,345,345,345,344,344,344,344,344,344,344,341,337,337,336,336,333,329,320,314,314,313,313,313,313,312,312,312,312,312,312,312,312,316,316,320,327,329,336,341,342,347,349,350,350,350,349,343,343,341,340,340,340,340,340,340,340,340,340,340,340,340,340,340,340,340,340,340,340,337,335,334,333,333,333,333,333,333,333,333,333,333,333,333,333,333,333,333,333,334,334,336,337,338,342,344,345,345,345,345,345,345,345,346,346,346,346,346,346,346,346,346,346,346,346,346,346,346,346,346,346,346,346,346,346,346,348,348,348,348,348,348,348,348,348,348,348,349,350,352,353,356,357,360,361,361,361,361,361,361,361,361,361,361,361,361,361,361,361,361,361,361,361,361,361,361,361,361,361,361,362,363,365,368,368,369,370,370,371,373,376,377,378,379,381,382,383,385,387,388,392,392,393,393,394,396,397,398,401,401,401,401,404,404,404,404,404,404,404,404,404,404,402,401,398,396,392,392,389,388,386,384,382,382,381,381,380,377,376,373,372,369,365,362,361,357,356,354,353,353,353,353,353,353,349,347,347,347,347,347,347,347,347,348,348,349,349,349,349,349,349,349,349,349,349,349,349,349,349,349,349,349,349,349,349,349,349,349,349,349,349,349,349,349,349,349,349,349,349,349,351,353,354,356,356,358,358,360,360,360,360,361,357,353,343,333,327,320,314,308,305,303,303,303,303,301,301,301,301,301,301,301,301,301,301,301,301,301,302,306,311,313,320,326,333,338,341,345,345,345,345,345,345,348,353,362,368,380,388,390,390
280224143827,excitement,21,Male,Student,Expert,sadness,No,4504,sadness,783,787,791,795,797,799,800,805,813,817,824,832,841,852,874,896,912,931,954,984,1016,1038,1041,1047,1049,1056,1064,1074,1080,1083,1083,1083,1081,1080,1074,1072,1070,1067,1062,1060,1059,1057,1056,1052,1037,999,974,944,916,900,884,876,885,907,931,971,1005,1032,1053,1065,1066,1067,1068,1070,783,787,791,795,797,799,800,805,813,817,824,832,841,852,874,896,912,931,954,984,1016,1038,1041,1047,1049,1056,1064,1074,1080,1083,1083,1083,1081,1080,1074,1072,1070,1067,1062,1060,1059,1057,1056,1052,1037,999,974,944,916,900,884,876,885,907,931,971,1005,1032,1053,1065,1066,1067,1068,1070,123,128,131,132,135,135,135,139,143,146,150,153,156,161,167,172,180,187,193,203,211,217,219,219,221,223,229,239,248,253,255,259,262,263,267,269,271,273,277,280,282,282,282,281,277,272,272,272,275,280,287,289,295,296,296,296,292,288,286,283,283,283,283,283,577,572,569,568,565,565,565,561,557,554,550,547,544,539,533,528,520,513,507,497,489,483,481,481,479,477,471,461,452,447,445,441,438,437,433,431,429,427,423,420,418,418,418,419,423,428,428,428,425,420,413,411,405,404,404,404,408,412,414,417,417,417,417,417
280224143827,excitement,21,Male,Student,Expert,amusement,No,3808,amusement,792,796,797,798,800,801,803,805,805,808,815,819,821,825,827,828,828,828,825,817,804,773,719,682,678,675,671,669,666,661,655,650,646,644,638,635,624,623,622,621,623,632,635,638,641,644,648,652,656,660,665,668,671,674,676,676,680,691,702,711,719,724,727,735,748,755,763,767,775,782,790,792,794,800,803,812,832,835,840,843,853,882,956,1070,1180,1259,1290,1301,1302,1300,1292,1288,1280,1269,1260,1260,1257,1248,1247,1236,1224,1211,1205,1199,1192,1192,1186,1184,1181,1179,1179,1179,1179,1179,1179,1179,1180,1180,1180,1182,1184,1184,1185,1189,1192,1192,792,796,797,798,800,801,803,805,805,808,815,819,821,825,827,828,828,828,825,817,804,773,719,682,678,675,671,669,666,661,655,650,646,644,638,635,624,623,622,621,623,632,635,638,641,644,648,652,656,660,665,668,671,674,676,676,680,691,702,711,719,724,727,735,748,755,763,767,775,782,790,792,794,800,803,812,832,835,840,843,853,882,956,1070,1180,1259,1290,1301,1302,1300,1292,1288,1280,1269,1260,1260,1257,1248,1247,1236,1224,1211,1205,1199,1192,1192,1186,1184,1181,1179,1179,1179,1179,1179,1179,1179,1180,1180,1180,1182,1184,1184,1185,1189,1192,1192,103,103,103,103,103,103,105,109,116,126,140,157,173,187,199,212,220,227,237,245,251,263,279,289,303,309,322,328,331,336,342,344,345,345,344,343,336,334,332,331,331,333,335,337,338,338,339,339,339,341,341,341,341,341,341,340,340,341,341,341,341,341,341,341,341,341,340,340,337,335,333,332,331,329,328,325,321,319,318,316,313,308,305,305,297,287,282,282,280,280,280,279,279,275,270,269,269,265,264,260,260,260,259,259,257,256,255,253,253,255,259,263,266,268,275,277,283,284,288,293,295,297,297,297,287,283,597,597,597,597,597,597,595,591,584,574,560,543,527,513,501,488,480,473,463,455,449,437,421,411,397,391,378,372,369,364,358,356,355,355,356,357,364,366,368,369,369,367,365,363,362,362,361,361,361,359,359,359,359,359,359,360,360,359,359,359,359,359,359,359,359,359,360,360,363,365,367,368,369,371,372,375,379,381,382,384,387,392,395,395,403,413,418,418,420,420,420,421,421,425,430,431,431,435,436,440,440,440,441,441,443,444,445,447,447,445,441,437,434,432,425,423,417,416,412,407,405,403,403,403,413,417
280224143827,excitement,21,Male,Student,Expert,contentment,No,2807,contentment,812,799,785,781,775,773,770,768,761,753,746,737,728,719,719,718,718,718,709,704,704,704,704,704,704,706,706,708,709,710,712,714,715,720,722,724,725,728,729,731,736,758,804,891,999,1115,1194,1228,1238,1240,1240,1240,1239,1236,1228,1201,1096,1064,1036,1036,1036,1036,1036,1036,1038,1048,1054,1056,1057,1058,812,799,785,781,775,773,770,768,761,753,746,737,728,719,719,718,718,718,709,704,704,704,704,704,704,706,706,708,709,710,712,714,715,720,722,724,725,728,729,731,736,758,804,891,999,1115,1194,1228,1238,1240,1240,1240,1239,1236,1228,1201,1096,1064,1036,1036,1036,1036,1036,1036,1038,1048,1054,1056,1057,1058,88,103,120,127,143,149,155,161,171,183,195,205,219,231,232,233,234,237,259,269,272,277,279,283,284,287,288,289,291,291,291,291,291,293,293,295,295,295,295,295,295,294,293,293,293,293,293,293,293,293,295,299,303,303,302,293,254,243,239,243,247,251,252,255,259,263,267,268,270,271,612,597,580,573,557,551,545,539,529,517,505,495,481,469,468,467,466,463,441,431,428,423,421,417,416,413,412,411,409,409,409,409,409,407,407,405,405,405,405,405,405,406,407,407,407,407,407,407,407,407,405,401,397,397,398,407,446,457,461,457,453,449,448,445,441,437,433,432,430,429
280224143827,excitement,21,Male,Student,Expert,disgust,Yes,8520,disgust,759,780,799,816,833,842,850,853,853,853,848,824,752,657,587,540,516,507,504,499,496,493,492,488,480,471,459,440,420,406,402,401,400,400,404,413,430,456,481,508,531,558,572,584,596,609,620,632,640,642,644,646,648,652,657,668,684,708,722,741,755,763,774,782,789,792,796,800,804,805,806,808,814,825,836,840,845,852,861,866,868,870,872,872,867,860,859,859,859,859,858,857,855,846,824,752,721,712,706,701,691,680,669,664,652,632,597,506,465,444,399,323,303,303,303,305,312,328,344,358,364,372,375,379,387,398,408,415,417,420,424,427,429,432,436,439,449,500,565,604,622,628,632,635,656,668,738,761,771,776,781,784,787,787,787,785,784,782,774,760,748,742,740,737,727,718,711,703,690,671,649,635,624,616,606,596,578,554,540,536,528,515,507,504,500,496,488,479,478,477,480,491,508,524,535,546,549,557,571,610,652,691,717,741,762,780,798,816,828,836,844,850,851,851,851,851,852,852,852,852,853,856,856,857,858,860,863,865,867,870,871,872,860,831,792,756,732,696,662,636,616,610,608,604,598,584,567,554,548,545,544,544,548,550,551,551,557,563,564,565,566,574,578,582,582,582,582,582,583,588,589,759,780,799,816,833,842,850,853,853,853,848,824,752,657,587,540,516,507,504,499,496,493,492,488,480,471,459,440,420,406,402,401,400,400,404,413,430,456,481,508,531,558,572,584,596,609,620,632,640,642,644,646,648,652,657,668,684,708,722,741,755,763,774,782,789,792,796,800,804,805,806,808,814,825,836,840,845,852,861,866,868,870,872,872,867,860,859,859,859,859,858,857,855,846,824,752,721,712,706,701,691,680,669,664,652,632,597,506,465,444,399,323,303,303,303,305,312,328,344,358,364,372,375,379,387,398,408,415,417,420,424,427,429,432,436,439,449,500,565,604,622,628,632,635,656,668,738,761,771,776,781,784,787,787,787,785,784,782,774,760,748,742,740,737,727,718,711,703,690,671,649,635,624,616,606,596,578,554,540,536,528,515,507,504,500,496,488,479,478,477,480,491,508,524,535,546,549,557,571,610,652,691,717,741,762,780,798,816,828,836,844,850,851,851,851,851,852,852,852,852,853,856,856,857,858,860,863,865,867,870,871,872,860,831,792,756,732,696,662,636,616,610,608,604,598,584,567,554,548,545,544,544,548,550,551,551,557,563,564,565,566,574,578,582,582,582,582,582,583,588,589,92,103,113,124,135,143,155,175,190,202,210,222,235,235,235,235,235,235,237,239,239,241,241,242,248,256,264,277,290,300,303,305,310,314,319,327,335,340,343,343,343,336,332,327,323,316,309,303,302,300,300,300,300,300,300,300,302,306,306,308,309,310,311,313,314,315,315,316,316,316,317,317,319,319,320,320,320,320,319,319,317,316,312,302,294,288,293,295,298,299,301,301,301,301,301,301,301,301,301,301,301,301,301,301,300,292,283,271,265,263,263,263,263,265,267,271,271,271,271,271,273,273,273,273,273,273,273,273,273,273,275,275,275,275,274,273,269,260,242,236,232,231,227,225,217,215,197,192,189,189,189,189,191,196,198,204,206,209,215,229,239,241,243,244,250,254,256,259,259,263,265,267,267,268,269,271,275,276,279,279,279,279,279,279,276,272,268,265,265,264,265,269,275,279,279,283,283,283,286,286,286,286,286,286,286,287,292,294,296,299,303,307,308,309,311,312,314,317,322,326,331,335,337,337,338,338,338,338,337,337,336,335,327,319,307,299,292,287,282,279,278,278,278,278,278,281,286,289,289,291,292,296,302,303,303,303,303,303,303,303,303,291,279,269,267,269,270,271,280,291,299,608,597,587,576,565,557,545,525,510,498,490,478,465,465,465,465,465,465,463,461,461,459,459,458,452,444,436,423,410,400,397,395,390,386,381,373,365,360,357,357,357,364,368,373,377,384,391,397,398,400,400,400,400,400,400,400,398,394,394,392,391,390,389,387,386,385,385,384,384,384,383,383,381,381,380,380,380,380,381,381,383,384,388,398,406,412,407,405,402,401,399,399,399,399,399,399,399,399,399,399,399,399,399,399,400,408,417,429,435,437,437,437,437,435,433,429,429,429,429,429,427,427,427,427,427,427,427,427,427,427,425,425,425,425,426,427,431,440,458,464,468,469,473,475,483,485,503,508,511,511,511,511,509,504,502,496,494,491,485,471,461,459,457,456,450,446,444,441,441,437,435,433,433,432,431,429,425,424,421,421,421,421,421,421,424,428,432,435,435,436,435,431,425,421,421,417,417,417,414,414,414,414,414,414,414,413,408,406,404,401,397,393,392,391,389,388,386,383,378,374,369,365,363,363,362,362,362,362,363,363,364,365,373,381,393,401,408,413,418,421,422,422,422,422,422,419,414,411,411,409,408,404,398,397,397,397,397,397,397,397,397,409,421,431,433,431,430,429,420,409,401
280224143827,excitement,21,Male,Student,Expert,awe,Yes,3662,awe,742,744,749,752,754,754,764,783,797,804,808,810,816,818,820,819,816,811,809,808,803,800,782,740,676,591,547,520,508,502,496,493,492,490,489,489,489,489,489,492,496,504,504,506,506,506,506,742,744,749,752,754,754,764,783,797,804,808,810,816,818,820,819,816,811,809,808,803,800,782,740,676,591,547,520,508,502,496,493,492,490,489,489,489,489,489,492,496,504,504,506,506,506,506,123,125,127,127,127,128,131,127,123,123,123,123,123,124,127,129,131,135,135,137,143,147,163,187,226,274,305,323,332,338,343,345,347,347,347,344,339,334,332,327,321,313,312,308,307,309,310,577,575,573,573,573,572,569,573,577,577,577,577,577,576,573,571,569,565,565,563,557,553,537,513,474,426,395,377,368,362,357,355,353,353,353,356,361,366,368,373,379,387,388,392,393,391,390
280224143827,excitement,21,Male,Student,Expert,excitement,No,6407,excitement,800,794,792,788,781,776,768,761,754,736,720,708,703,699,694,689,684,682,678,677,677,672,670,668,668,668,668,670,670,670,671,673,675,677,682,688,693,697,704,707,712,725,737,745,748,752,756,760,767,778,785,788,796,797,803,807,809,813,816,823,831,837,839,839,839,838,834,828,826,822,820,816,803,789,778,761,745,738,725,704,673,647,621,596,572,563,561,560,559,559,559,557,556,556,552,550,549,548,546,544,544,544,544,545,555,571,587,600,613,632,649,660,661,665,669,673,675,676,677,678,678,678,678,679,680,681,683,686,691,693,694,698,700,700,699,696,695,694,694,694,700,725,764,811,868,892,908,912,913,913,913,913,913,913,913,913,913,913,915,922,925,928,930,933,934,936,937,939,940,944,945,947,952,952,956,957,959,964,968,972,972,973,974,976,976,977,977,979,980,980,982,983,800,794,792,788,781,776,768,761,754,736,720,708,703,699,694,689,684,682,678,677,677,672,670,668,668,668,668,670,670,670,671,673,675,677,682,688,693,697,704,707,712,725,737,745,748,752,756,760,767,778,785,788,796,797,803,807,809,813,816,823,831,837,839,839,839,838,834,828,826,822,820,816,803,789,778,761,745,738,725,704,673,647,621,596,572,563,561,560,559,559,559,557,556,556,552,550,549,548,546,544,544,544,544,545,555,571,587,600,613,632,649,660,661,665,669,673,675,676,677,678,678,678,678,679,680,681,683,686,691,693,694,698,700,700,699,696,695,694,694,694,700,725,764,811,868,892,908,912,913,913,913,913,913,913,913,913,913,913,915,922,925,928,930,933,934,936,937,939,940,944,945,947,952,952,956,957,959,964,968,972,972,973,974,976,976,977,977,979,980,980,982,983,110,110,109,108,107,107,107,111,111,111,114,114,114,112,111,107,106,106,106,109,151,182,203,219,231,235,240,247,253,259,261,261,261,261,266,268,272,274,275,277,278,282,286,287,289,291,291,292,294,297,301,301,304,305,308,311,311,314,315,318,322,323,323,324,325,325,325,323,323,323,321,319,312,307,303,299,294,292,292,287,283,281,279,279,279,284,283,274,274,271,268,263,263,259,257,254,248,247,243,239,235,229,215,204,190,170,147,127,111,94,81,74,74,74,74,74,74,74,74,75,79,85,87,91,94,95,96,97,98,99,99,99,99,100,103,106,107,107,110,115,122,131,141,144,144,144,144,144,147,148,150,151,152,157,161,162,170,176,184,198,202,207,210,213,214,215,215,215,215,215,216,218,221,223,225,230,232,240,247,251,252,253,256,260,262,263,265,267,269,270,270,270,590,590,591,592,593,593,593,589,589,589,586,586,586,588,589,593,594,594,594,591,549,518,497,481,469,465,460,453,447,441,439,439,439,439,434,432,428,426,425,423,422,418,414,413,411,409,409,408,406,403,399,399,396,395,392,389,389,386,385,382,378,377,377,376,375,375,375,377,377,377,379,381,388,393,397,401,406,408,408,413,417,419,421,421,421,416,417,426,426,429,432,437,437,441,443,446,452,453,457,461,465,471,485,496,510,530,553,573,589,606,619,626,626,626,626,626,626,626,626,625,621,615,613,609,606,605,604,603,602,601,601,601,601,600,597,594,593,593,590,585,578,569,559,556,556,556,556,556,553,552,550,549,548,543,539,538,530,524,516,502,498,493,490,487,486,485,485,485,485,485,484,482,479,477,475,470,468,460,453,449,448,447,444,440,438,437,435,433,431,430,430,430
280224143827,excitement,21,Male,Student,Expert,fear,Yes,2617,fear,794,790,784,766,720,670,633,612,595,583,571,566,564,566,576,579,584,590,592,594,595,600,603,604,606,607,608,601,589,572,554,532,523,519,518,516,514,512,512,512,794,790,784,766,720,670,633,612,595,583,571,566,564,566,576,579,584,590,592,594,595,600,603,604,606,607,608,601,589,572,554,532,523,519,518,516,514,512,512,512,120,133,148,177,228,274,306,322,335,345,355,358,359,359,351,350,347,345,344,344,344,343,342,342,341,340,339,332,326,322,322,322,322,322,322,322,320,320,319,314,580,567,552,523,472,426,394,378,365,355,345,342,341,341,349,350,353,355,356,356,356,357,358,358,359,360,361,368,374,378,378,378,378,378,378,378,380,380,381,386
280224143827,excitement,21,Male,Student,Expert,anger,Yes,4328,sadness,809,805,799,786,776,765,753,742,724,711,699,694,694,695,696,698,701,708,714,719,721,724,727,735,742,748,754,757,759,760,761,764,765,766,768,769,772,775,779,785,788,789,791,793,794,796,803,805,799,784,740,700,670,659,656,653,612,573,544,526,519,516,514,809,805,799,786,776,765,753,742,724,711,699,694,694,695,696,698,701,708,714,719,721,724,727,735,742,748,754,757,759,760,761,764,765,766,768,769,772,775,779,785,788,789,791,793,794,796,803,805,799,784,740,700,670,659,656,653,612,573,544,526,519,516,514,84,92,109,143,169,191,221,246,287,312,331,339,340,341,341,341,341,338,335,334,334,333,331,328,326,325,322,320,320,320,320,320,320,320,320,320,320,320,322,323,325,326,326,327,327,327,327,327,327,326,315,303,298,295,295,291,280,280,280,283,286,287,287,616,608,591,557,531,509,479,454,413,388,369,361,360,359,359,359,359,362,365,366,366,367,369,372,374,375,378,380,380,380,380,380,380,380,380,380,380,380,378,377,375,374,374,373,373,373,373,373,373,374,385,397,402,405,405,409,420,420,420,417,414,413,413
280224144325,contentment,22,Male,Student,Intermediate,awe,No,7728,awe,796,796,808,821,836,845,853,862,870,878,889,900,908,913,917,920,925,931,935,940,953,963,975,979,980,981,981,981,980,974,964,945,904,861,823,794,757,714,664,613,603,584,565,542,529,516,504,502,500,498,496,485,463,445,431,421,418,416,416,412,411,414,417,433,455,473,485,495,499,500,503,507,512,517,520,522,523,528,532,538,542,548,551,555,557,560,564,567,568,569,572,573,574,577,583,593,602,612,623,631,637,644,651,655,657,662,665,668,670,672,674,675,680,680,681,683,684,685,687,690,692,693,697,699,701,703,705,706,708,709,710,712,713,716,719,721,724,725,729,732,733,739,745,751,760,768,772,774,775,776,782,788,794,799,801,804,805,808,812,814,820,828,837,848,860,866,872,876,879,880,881,883,885,887,888,891,892,894,896,899,906,912,916,917,918,920,922,922,922,924,932,942,952,959,963,964,964,965,966,968,973,976,978,980,980,980,796,796,808,821,836,845,853,862,870,878,889,900,908,913,917,920,925,931,935,940,953,963,975,979,980,981,981,981,980,974,964,945,904,861,823,794,757,714,664,613,603,584,565,542,529,516,504,502,500,498,496,485,463,445,431,421,418,416,416,412,411,414,417,433,455,473,485,495,499,500,503,507,512,517,520,522,523,528,532,538,542,548,551,555,557,560,564,567,568,569,572,573,574,577,583,593,602,612,623,631,637,644,651,655,657,662,665,668,670,672,674,675,680,680,681,683,684,685,687,690,692,693,697,699,701,703,705,706,708,709,710,712,713,716,719,721,724,725,729,732,733,739,745,751,760,768,772,774,775,776,782,788,794,799,801,804,805,808,812,814,820,828,837,848,860,866,872,876,879,880,881,883,885,887,888,891,892,894,896,899,906,912,916,917,918,920,922,922,922,924,932,942,952,959,963,964,964,965,966,968,973,976,978,980,980,980,85,93,101,106,110,114,117,125,135,147,160,175,187,196,206,215,223,231,236,243,251,256,262,267,268,269,270,272,274,279,287,295,307,315,323,328,333,339,345,351,351,351,352,355,359,360,360,362,362,362,362,362,359,358,356,355,353,353,351,350,347,346,346,346,343,340,338,338,336,336,336,336,336,336,336,336,336,336,336,336,336,336,336,336,336,336,336,336,336,336,336,336,336,336,336,336,336,336,336,336,336,336,336,336,336,336,336,336,336,336,336,335,335,334,334,334,334,334,334,334,333,333,331,331,330,330,330,330,330,329,329,329,327,327,326,324,324,324,324,324,323,323,323,323,321,321,319,319,319,319,319,318,316,316,316,316,316,316,316,316,316,316,316,316,316,316,316,316,315,315,315,315,315,315,315,315,314,314,314,314,312,311,311,311,311,311,311,310,306,300,288,278,268,263,260,260,259,259,261,266,275,283,288,291,294,295,615,607,599,594,590,586,583,575,565,553,540,525,513,504,494,485,477,469,464,457,449,444,438,433,432,431,430,428,426,421,413,405,393,385,377,372,367,361,355,349,349,349,348,345,341,340,340,338,338,338,338,338,341,342,344,345,347,347,349,350,353,354,354,354,357,360,362,362,364,364,364,364,364,364,364,364,364,364,364,364,364,364,364,364,364,364,364,364,364,364,364,364,364,364,364,364,364,364,364,364,364,364,364,364,364,364,364,364,364,364,364,365,365,366,366,366,366,366,366,366,367,367,369,369,370,370,370,370,370,371,371,371,373,373,374,376,376,376,376,376,377,377,377,377,379,379,381,381,381,381,381,382,384,384,384,384,384,384,384,384,384,384,384,384,384,384,384,384,385,385,385,385,385,385,385,385,386,386,386,386,388,389,389,389,389,389,389,390,394,400,412,422,432,437,440,440,441,441,439,434,425,417,412,409,406,405
280224144325,contentment,22,Male,Student,Intermediate,amusement,No,4689,contentment,832,864,892,914,936,956,980,995,1004,1022,1036,1047,1056,1060,1067,1068,1068,1068,1068,1068,1068,1062,1054,1040,1020,966,935,892,853,796,772,753,749,748,744,741,740,739,733,728,725,724,721,720,719,716,720,744,770,793,812,823,834,847,860,872,880,884,885,887,888,891,900,910,928,941,956,968,981,992,999,1004,1008,1014,1019,1028,1033,1037,1044,1045,1046,1048,1049,1050,832,864,892,914,936,956,980,995,1004,1022,1036,1047,1056,1060,1067,1068,1068,1068,1068,1068,1068,1062,1054,1040,1020,966,935,892,853,796,772,753,749,748,744,741,740,739,733,728,725,724,721,720,719,716,720,744,770,793,812,823,834,847,860,872,880,884,885,887,888,891,900,910,928,941,956,968,981,992,999,1004,1008,1014,1019,1028,1033,1037,1044,1045,1046,1048,1049,1050,127,135,137,143,146,147,156,160,164,175,183,191,200,206,215,219,224,228,232,236,238,240,244,248,255,267,274,283,285,296,299,303,303,303,304,304,304,306,307,308,310,310,310,310,310,310,308,301,295,290,288,288,288,288,288,288,288,288,288,287,285,282,279,273,267,260,256,255,255,255,257,260,265,267,271,274,275,279,283,284,286,287,289,291,573,565,563,557,554,553,544,540,536,525,517,509,500,494,485,481,476,472,468,464,462,460,456,452,445,433,426,417,415,404,401,397,397,397,396,396,396,394,393,392,390,390,390,390,390,390,392,399,405,410,412,412,412,412,412,412,412,412,412,413,415,418,421,427,433,440,444,445,445,445,443,440,435,433,429,426,425,421,417,416,414,413,411,409
280224144325,contentment,22,Male,Student,Intermediate,sadness,No,2368,sadness,739,760,783,802,820,834,847,857,864,872,876,883,885,887,888,888,892,892,892,890,888,876,867,840,784,719,700,668,641,627,618,615,612,596,584,579,578,576,577,580,592,616,679,736,786,832,880,911,936,949,958,967,972,977,983,988,996,1001,1003,1004,1005,1006,1008,1010,739,760,783,802,820,834,847,857,864,872,876,883,885,887,888,888,892,892,892,890,888,876,867,840,784,719,700,668,641,627,618,615,612,596,584,579,578,576,577,580,592,616,679,736,786,832,880,911,936,949,958,967,972,977,983,988,996,1001,1003,1004,1005,1006,1008,1010,68,83,91,100,111,122,140,159,176,194,215,241,267,278,283,285,287,291,292,292,292,294,294,299,307,318,323,328,335,339,343,344,344,348,351,353,353,353,353,352,351,346,338,328,323,315,307,306,301,299,297,295,295,294,292,291,289,288,288,288,288,288,288,288,632,617,609,600,589,578,560,541,524,506,485,459,433,422,417,415,413,409,408,408,408,406,406,401,393,382,377,372,365,361,357,356,356,352,349,347,347,347,347,348,349,354,362,372,377,385,393,394,399,401,403,405,405,406,408,409,411,412,412,412,412,412,412,412
280224144325,contentment,22,Male,Student,Intermediate,anger,Yes,5992,contentment,821,823,824,829,835,839,841,841,841,841,841,841,841,838,829,816,813,809,808,806,804,798,792,784,778,771,759,748,731,710,689,670,657,648,636,628,619,605,588,567,548,532,524,522,523,527,535,552,592,624,652,679,699,716,725,728,729,732,740,756,764,772,777,781,784,785,779,768,759,753,748,740,708,678,617,547,506,484,477,470,470,468,821,823,824,829,835,839,841,841,841,841,841,841,841,838,829,816,813,809,808,806,804,798,792,784,778,771,759,748,731,710,689,670,657,648,636,628,619,605,588,567,548,532,524,522,523,527,535,552,592,624,652,679,699,716,725,728,729,732,740,756,764,772,777,781,784,785,779,768,759,753,748,740,708,678,617,547,506,484,477,470,470,468,135,161,182,198,215,231,243,259,275,286,297,305,313,325,344,372,379,383,384,384,383,377,374,371,367,362,355,351,345,341,335,327,325,322,320,319,319,316,316,316,316,316,316,316,316,316,316,316,323,323,323,323,323,323,323,323,323,323,323,323,323,323,323,323,323,323,323,315,311,308,305,302,293,291,285,285,285,285,285,289,290,290,565,539,518,502,485,469,457,441,425,414,403,395,387,375,356,328,321,317,316,316,317,323,326,329,333,338,345,349,355,359,365,373,375,378,380,381,381,384,384,384,384,384,384,384,384,384,384,384,377,377,377,377,377,377,377,377,377,377,377,377,377,377,377,377,377,377,377,385,389,392,395,398,407,409,415,415,415,415,415,411,410,410
280224144325,contentment,22,Male,Student,Intermediate,excitement,Yes,4495,excitement,736,725,712,695,687,687,687,687,687,691,695,695,696,697,696,691,680,671,654,636,619,604,602,598,595,591,585,576,556,537,527,522,522,525,531,537,544,565,581,594,600,606,610,615,619,627,640,662,691,709,718,720,724,726,730,735,740,742,744,745,749,752,757,768,784,802,818,835,856,863,875,888,896,900,907,911,913,918,923,924,926,929,932,938,945,954,960,963,964,965,967,968,969,971,972,979,984,988,990,994,996,998,1000,998,993,982,969,947,922,903,889,875,856,835,807,776,748,706,681,664,649,639,634,629,624,621,619,617,614,612,608,603,596,594,592,587,584,578,574,570,567,564,736,725,712,695,687,687,687,687,687,691,695,695,696,697,696,691,680,671,654,636,619,604,602,598,595,591,585,576,556,537,527,522,522,525,531,537,544,565,581,594,600,606,610,615,619,627,640,662,691,709,718,720,724,726,730,735,740,742,744,745,749,752,757,768,784,802,818,835,856,863,875,888,896,900,907,911,913,918,923,924,926,929,932,938,945,954,960,963,964,965,967,968,969,971,972,979,984,988,990,994,996,998,1000,998,993,982,969,947,922,903,889,875,856,835,807,776,748,706,681,664,649,639,634,629,624,621,619,617,614,612,608,603,596,594,592,587,584,578,574,570,567,564,118,149,192,255,297,318,331,339,343,348,357,359,363,364,364,363,359,358,354,351,349,346,346,346,346,346,348,350,356,361,364,365,366,367,368,368,370,370,367,363,363,361,361,359,359,359,359,359,357,357,357,357,358,358,359,361,362,362,363,363,365,365,366,366,366,366,366,365,361,359,359,357,355,355,355,355,355,355,355,354,354,354,352,352,351,351,349,349,349,350,350,351,351,351,351,353,353,353,353,353,353,353,353,351,348,344,340,336,331,330,327,326,323,321,321,321,321,321,321,321,321,319,318,316,315,315,314,314,312,311,310,307,305,303,303,299,298,296,295,295,295,295,582,551,508,445,403,382,369,361,357,352,343,341,337,336,336,337,341,342,346,349,351,354,354,354,354,354,352,350,344,339,336,335,334,333,332,332,330,330,333,337,337,339,339,341,341,341,341,341,343,343,343,343,342,342,341,339,338,338,337,337,335,335,334,334,334,334,334,335,339,341,341,343,345,345,345,345,345,345,345,346,346,346,348,348,349,349,351,351,351,350,350,349,349,349,349,347,347,347,347,347,347,347,347,349,352,356,360,364,369,370,373,374,377,379,379,379,379,379,379,379,379,381,382,384,385,385,386,386,388,389,390,393,395,397,397,401,402,404,405,405,405,405
280224144325,contentment,22,Male,Student,Intermediate,fear,No,3801,fear,728,732,732,736,743,748,749,752,753,754,756,756,760,763,764,764,764,763,752,744,730,721,712,707,698,696,689,686,685,684,684,684,684,684,684,684,684,688,689,691,692,693,693,693,694,692,682,675,668,664,670,681,692,692,690,687,684,677,673,664,651,640,631,617,606,603,602,601,601,610,636,696,766,848,911,956,981,1003,1011,1016,1020,1021,1024,1028,1030,1031,1032,1034,1035,1036,1037,1038,1039,728,732,732,736,743,748,749,752,753,754,756,756,760,763,764,764,764,763,752,744,730,721,712,707,698,696,689,686,685,684,684,684,684,684,684,684,684,688,689,691,692,693,693,693,694,692,682,675,668,664,670,681,692,692,690,687,684,677,673,664,651,640,631,617,606,603,602,601,601,610,636,696,766,848,911,956,981,1003,1011,1016,1020,1021,1024,1028,1030,1031,1032,1034,1035,1036,1037,1038,1039,73,90,100,123,139,163,187,201,212,218,223,226,237,239,245,246,247,250,254,257,265,269,272,275,279,280,283,285,286,286,288,295,299,309,323,340,360,367,373,382,384,386,387,388,389,389,389,389,389,389,382,375,367,366,360,359,356,354,352,348,347,343,339,337,335,334,334,333,332,329,325,319,307,297,287,281,277,275,275,275,275,275,275,275,275,275,275,275,275,275,275,275,276,627,610,600,577,561,537,513,499,488,482,477,474,463,461,455,454,453,450,446,443,435,431,428,425,421,420,417,415,414,414,412,405,401,391,377,360,340,333,327,318,316,314,313,312,311,311,311,311,311,311,318,325,333,334,340,341,344,346,348,352,353,357,361,363,365,366,366,367,368,371,375,381,393,403,413,419,423,425,425,425,425,425,425,425,425,425,425,425,425,425,425,425,424
280224144325,contentment,22,Male,Student,Intermediate,disgust,No,4776,disgust,808,810,815,820,822,825,828,829,829,829,829,829,829,829,827,816,792,753,715,672,633,612,607,606,604,600,599,597,595,595,593,593,592,592,592,592,592,592,594,598,602,610,625,636,644,642,629,604,576,540,526,520,517,515,508,504,502,499,496,495,489,482,470,460,452,444,439,435,433,433,445,469,497,531,565,590,617,631,632,640,644,650,652,654,655,658,660,662,666,668,670,672,674,675,676,677,679,679,680,682,703,779,925,976,1076,1162,1208,1218,1216,1209,1192,1172,1148,1129,1112,1100,1090,1088,1086,1085,1083,1081,1080,808,810,815,820,822,825,828,829,829,829,829,829,829,829,827,816,792,753,715,672,633,612,607,606,604,600,599,597,595,595,593,593,592,592,592,592,592,592,594,598,602,610,625,636,644,642,629,604,576,540,526,520,517,515,508,504,502,499,496,495,489,482,470,460,452,444,439,435,433,433,445,469,497,531,565,590,617,631,632,640,644,650,652,654,655,658,660,662,666,668,670,672,674,675,676,677,679,679,680,682,703,779,925,976,1076,1162,1208,1218,1216,1209,1192,1172,1148,1129,1112,1100,1090,1088,1086,1085,1083,1081,1080,117,131,160,174,198,226,239,243,247,250,256,259,261,263,266,266,266,266,266,272,278,279,282,283,283,286,287,289,291,292,295,298,300,303,304,308,311,313,317,319,323,326,328,331,331,332,332,332,332,332,332,332,332,332,331,331,331,331,331,333,337,343,351,358,364,369,372,374,374,375,371,367,362,353,349,343,339,336,336,336,335,335,335,335,335,335,335,335,335,335,335,335,336,336,336,336,336,337,338,338,338,314,271,259,236,225,216,214,216,220,229,238,249,255,264,270,275,275,278,279,282,282,283,583,569,540,526,502,474,461,457,453,450,444,441,439,437,434,434,434,434,434,428,422,421,418,417,417,414,413,411,409,408,405,402,400,397,396,392,389,387,383,381,377,374,372,369,369,368,368,368,368,368,368,368,368,368,369,369,369,369,369,367,363,357,349,342,336,331,328,326,326,325,329,333,338,347,351,357,361,364,364,364,365,365,365,365,365,365,365,365,365,365,365,365,364,364,364,364,364,363,362,362,362,386,429,441,464,475,484,486,484,480,471,462,451,445,436,430,425,425,422,421,418,418,417
280224144325,contentment,22,Male,Student,Intermediate,contentment,Yes,6371,contentment,764,748,733,708,675,657,653,650,650,649,646,632,624,608,601,596,590,584,577,571,564,561,559,556,553,553,552,552,552,549,548,547,547,546,546,552,560,572,588,608,635,640,648,662,670,677,692,710,725,741,752,760,768,780,787,801,804,812,813,815,816,817,820,822,823,824,826,826,826,826,826,827,830,834,840,845,852,857,862,863,875,888,903,913,918,922,924,926,928,932,933,934,936,940,944,945,956,966,977,993,1001,1009,1020,1028,1040,1051,1060,1066,1067,1068,1067,1060,1052,1046,1041,1037,1036,1031,1028,1021,1014,1008,1002,996,993,988,981,973,963,949,936,922,917,907,904,893,870,852,833,818,806,800,792,788,784,777,769,761,751,740,734,731,728,723,703,689,672,656,645,636,623,604,587,569,555,544,542,540,537,535,530,529,528,527,525,519,516,514,510,508,764,748,733,708,675,657,653,650,650,649,646,632,624,608,601,596,590,584,577,571,564,561,559,556,553,553,552,552,552,549,548,547,547,546,546,552,560,572,588,608,635,640,648,662,670,677,692,710,725,741,752,760,768,780,787,801,804,812,813,815,816,817,820,822,823,824,826,826,826,826,826,827,830,834,840,845,852,857,862,863,875,888,903,913,918,922,924,926,928,932,933,934,936,940,944,945,956,966,977,993,1001,1009,1020,1028,1040,1051,1060,1066,1067,1068,1067,1060,1052,1046,1041,1037,1036,1031,1028,1021,1014,1008,1002,996,993,988,981,973,963,949,936,922,917,907,904,893,870,852,833,818,806,800,792,788,784,777,769,761,751,740,734,731,728,723,703,689,672,656,645,636,623,604,587,569,555,544,542,540,537,535,530,529,528,527,525,519,516,514,510,508,120,132,140,155,173,182,184,186,187,187,190,199,203,212,218,221,227,235,244,251,259,265,269,271,276,277,279,280,282,283,285,288,289,290,291,296,296,296,296,296,292,292,292,292,292,292,292,288,287,284,284,284,284,283,283,283,283,283,283,283,285,285,287,289,291,293,294,295,296,298,300,302,305,308,311,315,316,318,318,319,323,327,328,328,330,330,330,330,330,330,330,330,330,330,330,330,330,330,330,330,330,330,330,330,334,334,336,338,338,338,338,338,338,338,338,337,337,337,337,337,337,337,337,337,337,337,337,337,337,337,337,337,337,336,335,335,335,335,335,335,335,335,335,335,335,335,335,335,335,335,335,335,335,335,331,330,327,326,323,322,322,315,314,311,309,307,307,307,307,307,307,307,307,307,307,305,305,303,303,303,580,568,560,545,527,518,516,514,513,513,510,501,497,488,482,479,473,465,456,449,441,435,431,429,424,423,421,420,418,417,415,412,411,410,409,404,404,404,404,404,408,408,408,408,408,408,408,412,413,416,416,416,416,417,417,417,417,417,417,417,415,415,413,411,409,407,406,405,404,402,400,398,395,392,389,385,384,382,382,381,377,373,372,372,370,370,370,370,370,370,370,370,370,370,370,370,370,370,370,370,370,370,370,370,366,366,364,362,362,362,362,362,362,362,362,363,363,363,363,363,363,363,363,363,363,363,363,363,363,363,363,363,363,364,365,365,365,365,365,365,365,365,365,365,365,365,365,365,365,365,365,365,365,365,369,370,373,374,377,378,378,385,386,389,391,393,393,393,393,393,393,393,393,393,393,395,395,397,397,397
