200324101652,excitement,-1,Male,Student,Beginner,amusement,Yes,1789,contentment,693,673,638,614,582,554,520,504,490,474,465,460,454,452,450,450,449,448,447,447,447,447,447,447,447,447,447,693,673,638,614,582,554,520,504,490,474,465,460,454,452,450,450,449,448,447,447,447,447,447,447,447,447,447,68,124,208,262,339,387,459,499,531,560,570,579,583,585,587,588,588,588,580,570,549,532,520,510,506,505,504,632,576,492,438,361,313,241,201,169,140,130,121,117,115,113,112,112,112,120,130,151,168,180,190,194,195,196
200324102604,sadness,20,Male,Student,Expert,sadness,No,18847,excitement,764,762,760,759,758,757,756,755,755,754,753,752,751,750,748,748,746,744,743,741,740,739,739,739,739,739,739,738,737,736,730,728,728,728,728,728,728,728,728,728,728,728,728,731,736,736,733,729,726,725,724,723,721,720,718,715,712,708,705,704,701,700,697,696,694,693,692,690,689,689,689,689,688,688,688,687,687,687,687,687,687,687,687,687,687,688,690,691,692,692,694,694,696,696,697,699,700,701,702,704,704,705,708,708,709,711,712,712,713,715,716,716,717,719,720,722,723,724,725,726,728,728,729,730,731,731,732,732,732,733,733,734,735,735,735,736,737,738,738,737,736,734,730,725,719,716,715,713,712,711,711,711,711,711,711,712,715,716,717,718,720,721,722,723,724,728,730,731,733,736,737,740,741,744,745,746,748,749,750,748,742,736,730,726,721,719,716,715,714,710,708,705,702,700,697,694,692,689,688,684,678,669,666,674,701,724,742,754,767,776,791,804,816,818,819,822,830,848,866,882,891,896,904,917,940,950,957,962,967,972,976,979,980,982,984,988,999,1004,1008,1008,764,762,760,759,758,757,756,755,755,754,753,752,751,750,748,748,746,744,743,741,740,739,739,739,739,739,739,738,737,736,730,728,728,728,728,728,728,728,728,728,728,728,728,731,736,736,733,729,726,725,724,723,721,720,718,715,712,708,705,704,701,700,697,696,694,693,692,690,689,689,689,689,688,688,688,687,687,687,687,687,687,687,687,687,687,688,690,691,692,692,694,694,696,696,697,699,700,701,702,704,704,705,708,708,709,711,712,712,713,715,716,716,717,719,720,722,723,724,725,726,728,728,729,730,731,731,732,732,732,733,733,734,735,735,735,736,737,738,738,737,736,734,730,725,719,716,715,713,712,711,711,711,711,711,711,712,715,716,717,718,720,721,722,723,724,728,730,731,733,736,737,740,741,744,745,746,748,749,750,748,742,736,730,726,721,719,716,715,714,710,708,705,702,700,697,694,692,689,688,684,678,669,666,674,701,724,742,754,767,776,791,804,816,818,819,822,830,848,866,882,891,896,904,917,940,950,957,962,967,972,976,979,980,982,984,988,999,1004,1008,1008,44,45,47,47,48,49,51,51,52,53,54,55,55,58,59,61,63,67,72,78,87,95,109,119,127,131,135,145,155,163,181,189,192,199,203,210,212,213,214,216,217,219,222,227,235,237,238,241,243,245,246,248,251,252,254,258,262,267,271,276,281,286,291,294,299,301,303,307,310,311,316,319,321,323,326,328,331,333,336,338,339,341,346,349,353,357,363,366,369,374,376,378,380,383,387,391,394,395,397,399,402,403,407,408,411,413,413,415,415,415,417,418,419,420,421,422,423,423,425,426,427,428,429,429,430,431,431,432,433,433,434,435,435,436,437,438,439,439,440,439,439,435,429,423,417,415,415,415,415,415,416,417,419,420,421,423,427,428,429,431,432,433,434,434,435,436,437,437,438,439,439,441,441,441,441,441,442,442,443,445,445,445,445,445,444,443,443,443,443,443,443,443,444,444,445,445,445,445,445,445,445,442,440,444,455,460,463,463,466,468,473,478,482,482,482,482,482,483,487,488,490,491,491,491,491,490,488,487,487,487,487,487,487,487,487,487,488,490,490,491,656,655,653,653,652,651,649,649,648,647,646,645,645,642,641,639,637,633,628,622,613,605,591,581,573,569,565,555,545,537,519,511,508,501,497,490,488,487,486,484,483,481,478,473,465,463,462,459,457,455,454,452,449,448,446,442,438,433,429,424,419,414,409,406,401,399,397,393,390,389,384,381,379,377,374,372,369,367,364,362,361,359,354,351,347,343,337,334,331,326,324,322,320,317,313,309,306,305,303,301,298,297,293,292,289,287,287,285,285,285,283,282,281,280,279,278,277,277,275,274,273,272,271,271,270,269,269,268,267,267,266,265,265,264,263,262,261,261,260,261,261,265,271,277,283,285,285,285,285,285,284,283,281,280,279,277,273,272,271,269,268,267,266,266,265,264,263,263,262,261,261,259,259,259,259,259,258,258,257,255,255,255,255,255,256,257,257,257,257,257,257,257,256,256,255,255,255,255,255,255,255,258,260,256,245,240,237,237,234,232,227,222,218,218,218,218,218,217,213,212,210,209,209,209,209,210,212,213,213,213,213,213,213,213,213,213,212,210,210,209
200324102640,anger,21,Male,Student,Beginner,fear,No,4840,amusement,654,658,662,670,681,688,696,705,714,724,729,734,738,741,742,744,744,744,744,744,744,740,739,736,734,734,733,730,726,724,724,724,724,724,724,726,800,902,996,1038,1048,1049,1049,1049,1049,1049,1049,1048,1047,1046,1044,1041,1038,1034,1030,1028,1024,1020,1016,1012,1009,1007,1006,1004,1003,1002,1001,1000,998,995,993,992,989,988,986,984,982,979,976,974,970,965,955,894,852,834,833,834,834,836,836,828,783,676,612,588,554,502,451,422,405,400,398,398,401,408,415,424,432,447,462,478,487,507,560,636,706,734,747,765,803,881,931,965,979,980,983,983,984,984,984,980,972,966,962,958,957,956,953,948,941,936,934,932,931,930,654,658,662,670,681,688,696,705,714,724,729,734,738,741,742,744,744,744,744,744,744,740,739,736,734,734,733,730,726,724,724,724,724,724,724,726,800,902,996,1038,1048,1049,1049,1049,1049,1049,1049,1048,1047,1046,1044,1041,1038,1034,1030,1028,1024,1020,1016,1012,1009,1007,1006,1004,1003,1002,1001,1000,998,995,993,992,989,988,986,984,982,979,976,974,970,965,955,894,852,834,833,834,834,836,836,828,783,676,612,588,554,502,451,422,405,400,398,398,401,408,415,424,432,447,462,478,487,507,560,636,706,734,747,765,803,881,931,965,979,980,983,983,984,984,984,980,972,966,962,958,957,956,953,948,941,936,934,932,931,930,154,157,163,169,183,194,213,233,247,262,269,273,277,281,282,284,293,299,303,308,309,307,302,295,293,291,291,295,300,306,311,316,320,325,326,330,361,393,397,385,385,385,387,388,389,390,391,391,391,393,395,397,400,404,409,413,415,419,423,426,428,429,429,429,429,429,429,427,424,423,422,421,420,420,419,418,416,415,413,411,410,407,401,364,340,329,329,330,331,335,339,351,370,393,401,399,397,397,391,389,389,389,389,390,393,399,406,417,427,446,459,472,481,495,524,547,554,557,561,569,581,619,644,657,662,662,660,654,645,631,611,577,557,541,533,525,524,523,523,531,538,543,543,545,545,545,546,543,537,531,517,506,487,467,453,438,431,427,423,419,418,416,407,401,397,392,391,393,398,405,407,409,409,405,400,394,389,384,380,375,374,370,339,307,303,315,315,315,313,312,311,310,309,309,309,307,305,303,300,296,291,287,285,281,277,274,272,271,271,271,271,271,271,273,276,277,278,279,280,280,281,282,284,285,287,289,290,293,299,336,360,371,371,370,369,365,361,349,330,307,299,301,303,303,309,311,311,311,311,310,307,301,294,283,273,254,241,228,219,205,176,153,146,143,139,131,119,81,56,43,38,38,40,46,55,69,89,123,143,159,167,175,176,177,177,169,162,157,157,155,155,155
200324102604,sadness,20,Male,Student,Expert,anger,Yes,1504,anger,763,772,790,808,830,836,840,840,840,832,820,802,782,746,715,683,654,629,608,595,593,590,584,573,563,560,560,561,583,623,672,705,735,737,729,706,682,660,636,596,584,561,550,545,541,537,531,522,516,512,511,763,772,790,808,830,836,840,840,840,832,820,802,782,746,715,683,654,629,608,595,593,590,584,573,563,560,560,561,583,623,672,705,735,737,729,706,682,660,636,596,584,561,550,545,541,537,531,522,516,512,511,97,114,141,172,219,244,270,296,319,344,367,388,403,426,441,454,462,467,470,474,474,476,482,487,495,495,496,497,498,498,498,498,498,498,498,498,498,498,498,498,498,498,498,498,498,498,498,498,498,498,498,603,586,559,528,481,456,430,404,381,356,333,312,297,274,259,246,238,233,230,226,226,224,218,213,205,205,204,203,202,202,202,202,202,202,202,202,202,202,202,202,202,202,202,202,202,202,202,202,202,202,202
200324102604,sadness,20,Male,Student,Expert,disgust,No,2296,amusement,771,772,776,782,792,799,806,816,824,833,841,848,853,853,854,856,856,856,856,856,856,856,856,855,854,853,850,844,833,812,788,754,716,675,663,638,627,617,611,600,590,576,563,547,540,534,528,521,517,514,510,508,507,506,506,507,537,637,772,932,987,1020,1038,1043,1044,1045,1045,1046,1048,1048,1048,771,772,776,782,792,799,806,816,824,833,841,848,853,853,854,856,856,856,856,856,856,856,856,855,854,853,850,844,833,812,788,754,716,675,663,638,627,617,611,600,590,576,563,547,540,534,528,521,517,514,510,508,507,506,506,507,537,637,772,932,987,1020,1038,1043,1044,1045,1045,1046,1048,1048,1048,98,104,114,129,151,168,187,210,235,260,275,289,300,304,310,313,316,319,322,327,328,331,333,334,338,340,344,348,353,360,371,387,397,409,410,416,420,424,425,428,432,437,443,450,453,457,459,464,469,473,478,482,483,484,485,488,493,507,519,523,523,523,523,523,523,520,517,514,508,506,504,602,596,586,571,549,532,513,490,465,440,425,411,400,396,390,387,384,381,378,373,372,369,367,366,362,360,356,352,347,340,329,313,303,291,290,284,280,276,275,272,268,263,257,250,247,243,241,236,231,227,222,218,217,216,215,212,207,193,181,177,177,177,177,177,177,180,183,186,192,194,196
200324102800,anger,22,Female,Job with minimal Computer use,Expert,anger,No,2992,amusement,786,784,784,784,783,783,783,783,783,783,783,783,783,784,796,876,967,1066,1157,1228,1265,1277,1280,1280,1256,1180,1040,730,513,360,320,318,360,505,724,964,1152,1308,1317,1280,1161,995,792,632,549,540,545,581,656,680,688,687,673,654,632,614,603,601,600,600,629,688,755,818,875,912,916,920,924,931,945,971,993,1009,1023,1036,1044,1047,1048,1049,1050,1051,1050,1048,1046,1044,1043,786,784,784,784,783,783,783,783,783,783,783,783,783,784,796,876,967,1066,1157,1228,1265,1277,1280,1280,1256,1180,1040,730,513,360,320,318,360,505,724,964,1152,1308,1317,1280,1161,995,792,632,549,540,545,581,656,680,688,687,673,654,632,614,603,601,600,600,629,688,755,818,875,912,916,920,924,931,945,971,993,1009,1023,1036,1044,1047,1048,1049,1050,1051,1050,1048,1046,1044,1043,108,108,109,113,118,122,125,129,132,134,136,141,144,149,160,199,218,228,235,244,253,262,269,281,300,343,405,527,596,644,654,654,629,564,493,432,403,390,390,393,407,446,487,519,535,537,537,530,519,515,513,513,513,516,521,526,532,533,533,534,534,530,517,507,499,497,497,497,497,497,497,494,492,492,492,492,492,492,492,493,493,494,500,501,505,506,507,592,592,591,587,582,578,575,571,568,566,564,559,556,551,540,501,482,472,465,456,447,438,431,419,400,357,295,173,104,56,46,46,71,136,207,268,297,310,310,307,293,254,213,181,165,163,163,170,181,185,187,187,187,184,179,174,168,167,167,166,166,170,183,193,201,203,203,203,203,203,203,206,208,208,208,208,208,208,208,207,207,206,200,199,195,194,193
200324102604,sadness,20,Male,Student,Expert,fear,Yes,1448,fear,749,750,752,753,758,771,785,799,810,815,819,824,828,836,840,846,849,855,861,867,872,873,873,872,860,830,780,744,720,695,677,661,642,618,592,568,546,537,533,529,524,523,521,520,518,517,516,516,516,516,516,516,516,516,516,516,516,516,516,516,517,517,517,517,749,750,752,753,758,771,785,799,810,815,819,824,828,836,840,846,849,855,861,867,872,873,873,872,860,830,780,744,720,695,677,661,642,618,592,568,546,537,533,529,524,523,521,520,518,517,516,516,516,516,516,516,516,516,516,516,516,516,516,516,517,517,517,517,103,102,103,108,122,139,155,170,179,187,195,204,213,223,235,249,259,267,283,303,326,342,349,353,361,371,384,392,396,400,401,401,403,407,412,419,428,432,435,437,442,445,447,448,451,453,454,456,459,462,463,464,465,468,471,472,474,475,478,483,485,486,487,488,597,598,597,592,578,561,545,530,521,513,505,496,487,477,465,451,441,433,417,397,374,358,351,347,339,329,316,308,304,300,299,299,297,293,288,281,272,268,265,263,258,255,253,252,249,247,246,244,241,238,237,236,235,232,229,228,226,225,222,217,215,214,213,212
200324102800,anger,22,Female,Job with minimal Computer use,Expert,fear,No,4055,amusement,792,792,792,792,792,796,803,806,808,809,809,818,828,835,840,844,846,847,848,848,852,855,856,856,858,858,858,852,839,824,816,812,812,812,819,819,819,816,692,598,568,549,538,535,534,533,528,519,504,491,481,471,464,461,460,460,463,465,469,479,488,497,505,519,536,555,577,596,616,647,701,783,861,928,934,937,938,944,954,967,976,982,993,996,1010,1026,1035,1037,1038,1039,1040,1042,1044,1044,1044,1044,1040,1036,1030,1029,1028,1025,1023,1022,1022,1022,1017,1008,1000,1000,1002,1003,1004,1004,1004,1005,1008,1012,1019,1019,1020,1020,1019,1018,1017,1017,1014,1013,1013,1013,792,792,792,792,792,796,803,806,808,809,809,818,828,835,840,844,846,847,848,848,852,855,856,856,858,858,858,852,839,824,816,812,812,812,819,819,819,816,692,598,568,549,538,535,534,533,528,519,504,491,481,471,464,461,460,460,463,465,469,479,488,497,505,519,536,555,577,596,616,647,701,783,861,928,934,937,938,944,954,967,976,982,993,996,1010,1026,1035,1037,1038,1039,1040,1042,1044,1044,1044,1044,1040,1036,1030,1029,1028,1025,1023,1022,1022,1022,1017,1008,1000,1000,1002,1003,1004,1004,1004,1005,1008,1012,1019,1019,1020,1020,1019,1018,1017,1017,1014,1013,1013,1013,126,137,140,141,146,159,172,181,187,188,190,205,223,238,250,261,268,271,275,276,284,292,297,299,304,312,326,349,377,403,422,426,428,429,435,437,436,436,441,449,455,456,456,456,457,458,470,486,501,513,521,530,536,537,537,534,531,525,517,500,489,479,475,469,468,463,459,453,447,435,418,394,373,353,351,351,351,354,359,360,360,360,353,353,343,337,332,330,329,329,329,329,330,333,337,343,349,361,377,386,392,401,409,410,412,414,418,423,433,440,471,475,478,482,488,491,502,516,535,539,543,544,542,532,523,516,505,498,497,497,574,563,560,559,554,541,528,519,513,512,510,495,477,462,450,439,432,429,425,424,416,408,403,401,396,388,374,351,323,297,278,274,272,271,265,263,264,264,259,251,245,244,244,244,243,242,230,214,199,187,179,170,164,163,163,166,169,175,183,200,211,221,225,231,232,237,241,247,253,265,282,306,327,347,349,349,349,346,341,340,340,340,347,347,357,363,368,370,371,371,371,371,370,367,363,357,351,339,323,314,308,299,291,290,288,286,282,277,267,260,229,225,222,218,212,209,198,184,165,161,157,156,158,168,177,184,195,202,203,203
200324102604,sadness,20,Male,Student,Expert,awe,Yes,1368,awe,782,784,786,788,791,792,797,801,807,808,809,809,809,805,792,777,732,702,675,654,638,626,616,608,600,591,579,568,555,530,512,500,494,491,488,484,480,479,476,475,474,472,472,782,784,786,788,791,792,797,801,807,808,809,809,809,805,792,777,732,702,675,654,638,626,616,608,600,591,579,568,555,530,512,500,494,491,488,484,480,479,476,475,474,472,472,41,43,47,48,57,66,79,92,106,113,121,134,146,168,200,227,294,331,355,372,383,392,398,401,406,411,416,422,430,441,448,453,457,460,464,471,477,482,487,491,495,497,498,659,657,653,652,643,634,621,608,594,587,579,566,554,532,500,473,406,369,345,328,317,308,302,299,294,289,284,278,270,259,252,247,243,240,236,229,223,218,213,209,205,203,202
200324102640,anger,21,Male,Student,Beginner,awe,No,3760,excitement,646,644,643,618,518,404,270,135,30,349,384,390,394,400,417,434,452,467,478,484,486,487,488,488,491,494,496,499,506,516,520,521,522,524,524,525,526,526,526,526,526,526,526,523,518,508,502,497,494,489,483,470,450,430,424,419,416,414,413,412,411,411,431,494,602,716,816,883,940,957,958,955,946,928,913,907,906,646,644,643,618,518,404,270,135,30,349,384,390,394,400,417,434,452,467,478,484,486,487,488,488,491,494,496,499,506,516,520,521,522,524,524,525,526,526,526,526,526,526,526,523,518,508,502,497,494,489,483,470,450,430,424,419,416,414,413,412,411,411,431,494,602,716,816,883,940,957,958,955,946,928,913,907,906,149,148,149,188,269,360,475,594,682,696,681,676,674,671,667,663,658,654,651,649,647,647,647,646,646,643,641,634,619,606,597,595,594,593,590,589,589,587,585,582,579,574,569,563,559,556,553,552,551,550,548,545,538,531,530,529,529,527,527,527,527,531,546,556,556,556,545,530,511,507,507,509,521,537,547,551,552,551,552,551,512,431,340,225,106,18,4,19,24,26,29,33,37,42,46,49,51,53,53,53,54,54,57,59,66,81,94,103,105,106,107,110,111,111,113,115,118,121,126,131,137,141,144,147,148,149,150,152,155,162,169,170,171,171,173,173,173,173,169,154,144,144,144,155,170,189,193,193,191,179,163,153,149,148
200324102604,sadness,20,Male,Student,Expert,sadness,Yes,1576,sadness,764,792,826,860,889,916,945,948,948,944,924,869,799,736,680,628,576,554,538,532,526,519,510,504,501,500,495,492,488,484,482,481,480,479,479,478,478,478,477,477,476,476,476,476,475,475,764,792,826,860,889,916,945,948,948,944,924,869,799,736,680,628,576,554,538,532,526,519,510,504,501,500,495,492,488,484,482,481,480,479,479,478,478,478,477,477,476,476,476,476,475,475,43,60,84,113,147,191,252,271,280,291,303,325,345,362,376,392,407,413,421,423,427,429,431,435,435,437,442,446,450,457,460,463,466,467,469,471,472,473,474,476,479,482,483,486,486,487,657,640,616,587,553,509,448,429,420,409,397,375,355,338,324,308,293,287,279,277,273,271,269,265,265,263,258,254,250,243,240,237,234,233,231,229,228,227,226,224,221,218,217,214,214,213
200324102800,anger,22,Female,Job with minimal Computer use,Expert,contentment,No,2392,sadness,826,827,830,833,835,839,844,846,848,848,848,848,848,847,840,834,827,817,811,801,800,800,800,800,800,800,802,806,808,810,812,813,814,815,815,811,811,811,811,808,808,808,812,821,832,850,876,908,922,930,932,933,934,935,936,937,940,947,956,958,960,826,827,830,833,835,839,844,846,848,848,848,848,848,847,840,834,827,817,811,801,800,800,800,800,800,800,802,806,808,810,812,813,814,815,815,811,811,811,811,808,808,808,812,821,832,850,876,908,922,930,932,933,934,935,936,937,940,947,956,958,960,59,59,60,61,62,64,75,84,99,115,135,162,198,225,245,263,281,293,305,317,319,321,322,324,325,327,328,327,326,325,325,325,325,325,327,329,332,335,337,355,373,393,413,433,447,461,473,481,481,481,481,481,481,481,482,483,485,489,497,500,502,641,641,640,639,638,636,625,616,601,585,565,538,502,475,455,437,419,407,395,383,381,379,378,376,375,373,372,373,374,375,375,375,375,375,373,371,368,365,363,345,327,307,287,267,253,239,227,219,219,219,219,219,219,219,218,217,215,211,203,200,198
200324102604,sadness,20,Male,Student,Expert,contentment,Yes,1368,disgust,764,773,784,797,810,820,828,828,828,823,804,788,768,752,732,708,679,656,639,624,608,585,577,572,564,555,542,531,527,764,773,784,797,810,820,828,828,828,823,804,788,768,752,732,708,679,656,639,624,608,585,577,572,564,555,542,531,527,40,47,60,90,129,184,235,277,318,354,390,408,422,428,437,443,451,455,457,460,464,475,481,485,491,499,508,514,514,660,653,640,610,571,516,465,423,382,346,310,292,278,272,263,257,249,245,243,240,236,225,219,215,209,201,192,186,186
200324102640,anger,21,Male,Student,Beginner,anger,No,11358,fear,672,670,662,654,647,633,618,601,592,579,566,541,528,518,505,494,488,484,482,481,480,479,477,476,475,474,467,466,466,466,464,462,457,456,456,452,447,445,444,442,439,418,393,378,370,368,368,368,369,370,372,373,374,396,548,756,968,1154,1279,1279,1279,1279,1279,1279,1279,1279,1279,1279,1279,1279,1279,1279,1279,1279,1279,1279,1279,1279,1279,1279,1276,1269,1264,1262,1261,1261,1261,1261,1261,1261,1261,1258,1254,1251,1248,1242,1223,1202,1186,1175,1161,1138,1124,944,941,941,941,941,941,944,944,945,945,945,945,945,945,945,946,946,946,946,946,946,672,670,662,654,647,633,618,601,592,579,566,541,528,518,505,494,488,484,482,481,480,479,477,476,475,474,467,466,466,466,464,462,457,456,456,452,447,445,444,442,439,418,393,378,370,368,368,368,369,370,372,373,374,396,548,756,968,1154,1279,1279,1279,1279,1279,1279,1279,1279,1279,1279,1279,1279,1279,1279,1279,1279,1279,1279,1279,1279,1279,1279,1276,1269,1264,1262,1261,1261,1261,1261,1261,1261,1261,1258,1254,1251,1248,1242,1223,1202,1186,1175,1161,1138,1124,944,941,941,941,941,941,944,944,945,945,945,945,945,945,945,946,946,946,946,946,946,157,165,180,199,217,241,269,297,313,337,361,395,413,425,440,453,459,463,465,465,465,465,464,463,463,463,461,460,459,458,456,456,459,461,463,468,474,476,477,478,478,481,489,493,498,499,500,499,497,497,496,496,495,491,478,451,428,406,397,401,420,435,441,444,452,459,462,465,468,469,473,475,476,479,482,483,484,487,493,520,539,556,567,571,571,573,578,585,596,609,612,619,627,634,637,641,647,653,659,665,674,685,692,699,671,628,567,538,518,510,507,507,509,518,519,517,516,513,510,507,505,504,503,502,543,535,520,501,483,459,431,403,387,363,339,305,287,275,260,247,241,237,235,235,235,235,236,237,237,237,239,240,241,242,244,244,241,239,237,232,226,224,223,222,222,219,211,207,202,201,200,201,203,203,204,204,205,209,222,249,272,294,303,299,280,265,259,256,248,241,238,235,232,231,227,225,224,221,218,217,216,213,207,180,161,144,133,129,129,127,122,115,104,91,88,81,73,66,63,59,53,47,41,35,26,15,8,1,29,72,133,162,182,190,193,193,191,182,181,183,184,187,190,193,195,196,197,198
200324102800,anger,22,Female,Job with minimal Computer use,Expert,disgust,No,1849,amusement,768,788,802,813,820,824,841,895,1012,1076,1105,1108,1099,1086,1083,928,753,654,641,654,677,860,1030,1200,1346,1428,1436,1436,1418,1383,1336,1265,1181,1164,1162,1165,1192,1223,1252,1265,1268,1266,1253,1228,1200,1184,1181,1181,1181,1200,1211,1224,1228,1229,1225,1201,1178,1154,1143,1136,1132,1127,1125,1123,1120,768,788,802,813,820,824,841,895,1012,1076,1105,1108,1099,1086,1083,928,753,654,641,654,677,860,1030,1200,1346,1428,1436,1436,1418,1383,1336,1265,1181,1164,1162,1165,1192,1223,1252,1265,1268,1266,1253,1228,1200,1184,1181,1181,1181,1200,1211,1224,1228,1229,1225,1201,1178,1154,1143,1136,1132,1127,1125,1123,1120,121,135,149,165,185,205,231,276,338,373,391,397,406,413,413,414,437,461,463,465,469,479,479,479,479,479,476,473,466,457,456,456,456,456,456,457,461,464,469,472,473,473,473,470,470,471,473,480,489,513,523,531,533,534,534,524,518,517,515,513,513,513,512,510,509,579,565,551,535,515,495,469,424,362,327,309,303,294,287,287,286,263,239,237,235,231,221,221,221,221,221,224,227,234,243,244,244,244,244,244,243,239,236,231,228,227,227,227,230,230,229,227,220,211,187,177,169,167,166,166,176,182,183,185,187,187,187,188,190,191
200324102800,anger,22,Female,Job with minimal Computer use,Expert,awe,No,2305,sadness,836,837,838,839,840,842,844,847,848,851,855,858,863,872,905,946,997,1031,1052,1070,1081,1088,1088,1085,1077,1074,1073,1065,1059,1057,1056,1054,1052,1047,1045,1038,1036,1034,1031,1031,1031,1028,1026,1023,1023,1022,1022,1021,1021,1021,1021,1020,1019,1018,1018,1018,1018,1018,1018,1018,1019,1020,1020,836,837,838,839,840,842,844,847,848,851,855,858,863,872,905,946,997,1031,1052,1070,1081,1088,1088,1085,1077,1074,1073,1065,1059,1057,1056,1054,1052,1047,1045,1038,1036,1034,1031,1031,1031,1028,1026,1023,1023,1022,1022,1021,1021,1021,1021,1020,1019,1018,1018,1018,1018,1018,1018,1018,1019,1020,1020,57,57,58,59,59,61,61,62,62,62,64,65,67,73,80,85,97,108,121,137,163,205,263,298,315,323,329,349,360,362,365,369,373,380,384,391,393,395,411,427,445,459,469,475,476,477,478,480,481,482,484,486,486,488,489,490,492,494,496,497,499,503,505,643,643,642,641,641,639,639,638,638,638,636,635,633,627,620,615,603,592,579,563,537,495,437,402,385,377,371,351,340,338,335,331,327,320,316,309,307,305,289,273,255,241,231,225,224,223,222,220,219,218,216,214,214,212,211,210,208,206,204,203,201,197,195
200324102640,anger,21,Male,Student,Beginner,fear,No,2048,sadness,691,679,664,658,654,652,670,739,821,874,894,902,906,906,906,906,901,899,891,882,874,870,868,867,866,866,866,864,862,862,861,861,861,691,679,664,658,654,652,670,739,821,874,894,902,906,906,906,906,901,899,891,882,874,870,868,867,866,866,866,864,862,862,861,861,861,163,172,194,200,213,257,329,403,463,506,536,554,578,580,581,583,579,578,570,557,549,543,540,537,535,534,533,527,521,515,507,499,497,537,528,506,500,487,443,371,297,237,194,164,146,122,120,119,117,121,122,130,143,151,157,160,163,165,166,167,173,179,185,193,201,203
200324102800,anger,22,Female,Job with minimal Computer use,Expert,sadness,No,3192,excitement,823,824,826,826,826,826,826,825,820,808,799,792,789,787,783,777,772,771,775,780,784,786,788,788,791,792,797,816,839,857,872,877,884,903,916,918,920,920,920,920,920,920,921,923,924,926,928,929,930,931,932,936,938,946,968,992,1013,1031,1038,1041,1041,1043,1044,1044,823,824,826,826,826,826,826,825,820,808,799,792,789,787,783,777,772,771,775,780,784,786,788,788,791,792,797,816,839,857,872,877,884,903,916,918,920,920,920,920,920,920,921,923,924,926,928,929,930,931,932,936,938,946,968,992,1013,1031,1038,1041,1041,1043,1044,1044,123,138,157,174,195,221,255,297,338,396,425,447,455,458,465,472,475,476,473,469,466,465,464,463,461,461,461,466,477,488,496,502,509,529,545,551,556,560,561,562,565,567,569,571,572,572,572,572,572,571,570,568,567,561,549,537,524,510,501,495,494,494,494,497,577,562,543,526,505,479,445,403,362,304,275,253,245,242,235,228,225,224,227,231,234,235,236,237,239,239,239,234,223,212,204,198,191,171,155,149,144,140,139,138,135,133,131,129,128,128,128,128,128,129,130,132,133,139,151,163,176,190,199,205,206,206,206,203
200324103024,excitement,22,Male,Student,Intermediate,fear,No,6624,contentment,799,816,854,876,882,882,876,872,872,866,853,815,764,744,740,739,738,738,736,729,720,708,696,687,676,666,655,644,637,635,634,634,634,635,635,635,636,644,658,673,687,700,723,751,784,804,813,817,819,820,820,821,822,828,835,842,848,856,864,882,904,927,948,956,952,949,944,941,940,938,936,932,930,929,929,929,929,929,929,929,926,923,923,923,923,923,924,925,927,928,932,935,938,941,947,952,957,959,960,961,963,965,966,968,968,971,973,976,978,980,982,985,988,988,988,988,988,988,988,988,988,988,988,988,988,988,988,990,991,992,996,998,1000,1001,1003,1004,1006,1007,1008,1009,1009,1011,1012,1015,1016,1016,1016,1019,1028,1040,1042,799,816,854,876,882,882,876,872,872,866,853,815,764,744,740,739,738,738,736,729,720,708,696,687,676,666,655,644,637,635,634,634,634,635,635,635,636,644,658,673,687,700,723,751,784,804,813,817,819,820,820,821,822,828,835,842,848,856,864,882,904,927,948,956,952,949,944,941,940,938,936,932,930,929,929,929,929,929,929,929,926,923,923,923,923,923,924,925,927,928,932,935,938,941,947,952,957,959,960,961,963,965,966,968,968,971,973,976,978,980,982,985,988,988,988,988,988,988,988,988,988,988,988,988,988,988,988,990,991,992,996,998,1000,1001,1003,1004,1006,1007,1008,1009,1009,1011,1012,1015,1016,1016,1016,1019,1028,1040,1042,41,47,61,78,88,102,115,134,151,168,179,196,205,207,207,207,205,203,208,227,244,266,280,291,305,315,327,337,341,343,343,342,339,337,334,331,322,315,313,313,313,318,331,352,370,378,383,386,387,392,396,396,397,399,400,403,405,409,412,418,423,430,435,439,439,438,434,431,430,427,421,411,407,404,401,399,398,396,395,387,379,375,372,371,370,369,368,368,367,365,363,363,362,361,361,359,358,358,358,357,357,357,357,357,355,355,354,353,353,353,353,354,364,369,371,374,376,380,386,390,392,393,398,401,406,408,411,414,416,420,429,433,437,441,448,452,457,459,462,463,464,467,470,474,475,478,479,483,491,500,502,659,653,639,622,612,598,585,566,549,532,521,504,495,493,493,493,495,497,492,473,456,434,420,409,395,385,373,363,359,357,357,358,361,363,366,369,378,385,387,387,387,382,369,348,330,322,317,314,313,308,304,304,303,301,300,297,295,291,288,282,277,270,265,261,261,262,266,269,270,273,279,289,293,296,299,301,302,304,305,313,321,325,328,329,330,331,332,332,333,335,337,337,338,339,339,341,342,342,342,343,343,343,343,343,345,345,346,347,347,347,347,346,336,331,329,326,324,320,314,310,308,307,302,299,294,292,289,286,284,280,271,267,263,259,252,248,243,241,238,237,236,233,230,226,225,222,221,217,209,200,198
200324102640,anger,21,Male,Student,Beginner,anger,No,5774,awe,618,611,599,591,584,574,568,564,559,568,590,610,629,657,680,704,728,758,774,786,799,804,810,813,816,817,820,823,826,832,838,842,850,854,858,861,862,863,863,863,862,862,862,862,861,860,846,825,795,738,606,512,434,358,338,329,327,326,324,322,314,308,299,294,285,281,279,276,274,274,274,276,280,285,296,304,311,318,326,331,334,337,338,339,339,340,351,374,461,526,580,628,670,693,712,728,744,750,754,762,770,778,790,798,804,812,814,817,818,821,822,822,821,821,821,821,822,823,824,826,826,826,826,826,618,611,599,591,584,574,568,564,559,568,590,610,629,657,680,704,728,758,774,786,799,804,810,813,816,817,820,823,826,832,838,842,850,854,858,861,862,863,863,863,862,862,862,862,861,860,846,825,795,738,606,512,434,358,338,329,327,326,324,322,314,308,299,294,285,281,279,276,274,274,274,276,280,285,296,304,311,318,326,331,334,337,338,339,339,340,351,374,461,526,580,628,670,693,712,728,744,750,754,762,770,778,790,798,804,812,814,817,818,821,822,822,821,821,821,821,822,823,824,826,826,826,826,826,186,251,355,407,446,479,492,499,507,511,515,518,519,519,517,515,511,506,503,500,497,496,495,495,495,495,495,495,499,501,505,508,514,517,523,527,531,536,539,542,543,544,545,546,546,546,540,532,524,507,473,451,433,417,415,415,415,417,422,425,433,438,445,451,457,461,463,468,469,473,477,483,489,499,510,519,526,530,535,539,540,542,543,543,544,544,543,541,533,526,520,514,509,507,507,505,505,505,505,505,507,510,516,519,523,527,529,531,532,538,545,552,565,571,574,575,572,567,560,556,555,553,552,551,514,449,345,293,254,221,208,201,193,189,185,182,181,181,183,185,189,194,197,200,203,204,205,205,205,205,205,205,201,199,195,192,186,183,177,173,169,164,161,158,157,156,155,154,154,154,160,168,176,193,227,249,267,283,285,285,285,283,278,275,267,262,255,249,243,239,237,232,231,227,223,217,211,201,190,181,174,170,165,161,160,158,157,157,156,156,157,159,167,174,180,186,191,193,193,195,195,195,195,195,193,190,184,181,177,173,171,169,168,162,155,148,135,129,126,125,128,133,140,144,145,147,148,149
200324102800,anger,22,Female,Job with minimal Computer use,Expert,anger,No,1480,amusement,766,771,775,778,780,782,784,786,786,786,782,776,767,761,755,750,749,749,746,745,742,740,736,736,735,735,735,739,754,783,809,840,880,948,1010,1062,1100,1113,1114,1115,1116,1116,766,771,775,778,780,782,784,786,786,786,782,776,767,761,755,750,749,749,746,745,742,740,736,736,735,735,735,739,754,783,809,840,880,948,1010,1062,1100,1113,1114,1115,1116,1116,118,129,140,153,169,180,197,212,223,244,265,286,308,326,347,361,365,369,389,397,421,442,474,477,477,479,480,481,481,481,481,481,481,481,481,481,485,489,490,491,494,495,582,571,560,547,531,520,503,488,477,456,435,414,392,374,353,339,335,331,311,303,279,258,226,223,223,221,220,219,219,219,219,219,219,219,219,219,215,211,210,209,206,205
200324102800,anger,22,Female,Job with minimal Computer use,Expert,excitement,Yes,2576,amusement,801,801,800,797,797,797,797,797,797,798,802,802,802,802,801,801,798,797,797,807,821,844,864,876,885,887,888,888,888,888,888,890,891,892,893,895,900,912,918,924,928,932,934,941,954,963,965,968,968,968,960,910,837,785,757,736,708,693,677,656,622,590,560,532,506,482,456,427,414,413,413,412,412,416,420,424,425,801,801,800,797,797,797,797,797,797,798,802,802,802,802,801,801,798,797,797,807,821,844,864,876,885,887,888,888,888,888,888,890,891,892,893,895,900,912,918,924,928,932,934,941,954,963,965,968,968,968,960,910,837,785,757,736,708,693,677,656,622,590,560,532,506,482,456,427,414,413,413,412,412,416,420,424,425,45,46,50,53,54,65,87,111,132,158,185,212,242,269,285,305,327,352,369,394,430,475,512,534,551,560,566,569,573,569,561,557,554,552,551,551,551,551,551,550,549,549,548,546,542,540,537,536,535,531,524,494,461,444,437,435,435,435,436,440,448,457,462,465,465,465,461,457,456,456,459,470,483,492,500,505,505,655,654,650,647,646,635,613,589,568,542,515,488,458,431,415,395,373,348,331,306,270,225,188,166,149,140,134,131,127,131,139,143,146,148,149,149,149,149,149,150,151,151,152,154,158,160,163,164,165,169,176,206,239,256,263,265,265,265,264,260,252,243,238,235,235,235,239,243,244,244,241,230,217,208,200,195,195
200324103024,excitement,22,Male,Student,Intermediate,fear,No,3104,sadness,790,791,792,793,798,811,826,841,852,861,872,886,908,935,937,937,937,940,944,947,954,957,961,964,964,965,965,965,962,958,954,947,935,916,889,852,779,735,704,681,664,659,658,658,656,646,628,608,589,564,528,504,490,489,488,488,493,501,504,508,518,533,554,576,601,624,633,676,678,684,696,712,722,728,732,746,770,799,834,850,860,872,892,912,932,948,961,972,973,974,976,977,790,791,792,793,798,811,826,841,852,861,872,886,908,935,937,937,937,940,944,947,954,957,961,964,964,965,965,965,962,958,954,947,935,916,889,852,779,735,704,681,664,659,658,658,656,646,628,608,589,564,528,504,490,489,488,488,493,501,504,508,518,533,554,576,601,624,633,676,678,684,696,712,722,728,732,746,770,799,834,850,860,872,892,912,932,948,961,972,973,974,976,977,95,96,98,98,99,99,103,105,107,108,113,123,135,155,162,168,175,183,196,208,223,238,249,257,263,277,290,298,306,315,329,341,352,363,380,401,442,455,463,471,477,479,479,480,484,491,507,521,527,534,540,543,546,546,545,541,535,529,527,525,523,520,518,518,518,518,518,518,518,518,518,518,518,518,519,519,519,519,519,519,519,519,519,519,519,519,518,515,515,515,515,515,605,604,602,602,601,601,597,595,593,592,587,577,565,545,538,532,525,517,504,492,477,462,451,443,437,423,410,402,394,385,371,359,348,337,320,299,258,245,237,229,223,221,221,220,216,209,193,179,173,166,160,157,154,154,155,159,165,171,173,175,177,180,182,182,182,182,182,182,182,182,182,182,182,182,181,181,181,181,181,181,181,181,181,181,181,181,182,185,185,185,185,185
200324102640,anger,21,Male,Student,Beginner,awe,Yes,2312,contentment,665,650,620,598,569,540,495,216,216,216,216,218,229,235,239,242,243,243,244,249,252,255,258,259,263,268,274,280,286,289,292,296,298,303,308,310,312,314,316,318,327,330,332,333,334,336,338,340,342,345,348,349,350,352,354,356,358,360,665,650,620,598,569,540,495,216,216,216,216,218,229,235,239,242,243,243,244,249,252,255,258,259,263,268,274,280,286,289,292,296,298,303,308,310,312,314,316,318,327,330,332,333,334,336,338,340,342,345,348,349,350,352,354,356,358,360,174,232,312,390,488,588,693,695,670,639,613,589,551,533,525,520,519,517,517,513,511,509,509,509,509,511,512,515,515,517,518,519,519,521,523,524,524,524,525,525,529,529,531,531,531,531,531,532,533,534,534,534,535,535,537,537,538,539,526,468,388,310,212,112,7,5,30,61,87,111,149,167,175,180,181,183,183,187,189,191,191,191,191,189,188,185,185,183,182,181,181,179,177,176,176,176,175,175,171,171,169,169,169,169,169,168,167,166,166,166,165,165,163,163,162,161
200324103024,excitement,22,Male,Student,Intermediate,awe,Yes,3160,amusement,823,832,835,833,828,826,825,824,825,828,830,836,844,852,868,883,887,887,887,887,887,887,884,872,849,818,792,778,772,766,756,740,700,677,666,661,659,656,646,628,611,604,600,594,587,576,562,549,542,539,538,537,536,534,533,533,533,534,535,536,538,539,539,540,540,543,544,544,547,552,564,588,605,628,650,662,669,673,677,681,688,702,717,726,727,741,752,759,760,761,763,772,790,805,816,823,828,829,830,832,836,844,861,872,875,878,878,878,876,873,870,866,860,850,840,828,815,797,768,748,726,707,692,683,671,653,636,619,604,600,599,597,590,577,566,562,560,823,832,835,833,828,826,825,824,825,828,830,836,844,852,868,883,887,887,887,887,887,887,884,872,849,818,792,778,772,766,756,740,700,677,666,661,659,656,646,628,611,604,600,594,587,576,562,549,542,539,538,537,536,534,533,533,533,534,535,536,538,539,539,540,540,543,544,544,547,552,564,588,605,628,650,662,669,673,677,681,688,702,717,726,727,741,752,759,760,761,763,772,790,805,816,823,828,829,830,832,836,844,861,872,875,878,878,878,876,873,870,866,860,850,840,828,815,797,768,748,726,707,692,683,671,653,636,619,604,600,599,597,590,577,566,562,560,50,55,56,56,55,54,53,52,52,52,53,55,59,63,71,81,93,106,111,115,124,134,143,157,176,193,211,224,233,247,259,271,291,304,315,323,331,340,354,370,382,391,398,407,415,420,431,442,449,457,461,465,469,474,479,486,487,490,491,494,497,500,501,502,503,504,505,506,506,506,506,503,498,494,493,493,493,493,493,493,495,496,499,499,500,502,504,505,505,505,505,506,509,510,513,514,514,514,514,514,513,511,507,503,502,500,499,497,490,482,475,470,465,459,453,448,447,444,443,443,443,443,447,451,455,459,463,467,471,473,474,474,477,479,481,483,483,650,645,644,644,645,646,647,648,648,648,647,645,641,637,629,619,607,594,589,585,576,566,557,543,524,507,489,476,467,453,441,429,409,396,385,377,369,360,346,330,318,309,302,293,285,280,269,258,251,243,239,235,231,226,221,214,213,210,209,206,203,200,199,198,197,196,195,194,194,194,194,197,202,206,207,207,207,207,207,207,205,204,201,201,200,198,196,195,195,195,195,194,191,190,187,186,186,186,186,186,187,189,193,197,198,200,201,203,210,218,225,230,235,241,247,252,253,256,257,257,257,257,253,249,245,241,237,233,229,227,226,226,223,221,219,217,217
200324102640,anger,21,Male,Student,Beginner,amusement,Yes,2704,amusement,614,616,618,618,618,618,618,618,618,618,618,618,618,615,613,611,607,605,602,600,596,595,594,593,592,588,586,584,581,575,566,560,552,541,527,524,512,505,484,472,460,452,446,443,442,440,438,437,435,434,432,429,426,424,422,420,418,417,415,414,413,412,412,614,616,618,618,618,618,618,618,618,618,618,618,618,615,613,611,607,605,602,600,596,595,594,593,592,588,586,584,581,575,566,560,552,541,527,524,512,505,484,472,460,452,446,443,442,440,438,437,435,434,432,429,426,424,422,420,418,417,415,414,413,412,412,152,164,186,205,219,245,275,309,337,367,391,407,421,440,453,467,483,495,507,513,519,522,526,527,528,531,532,533,535,537,538,538,538,538,535,533,529,528,522,520,516,514,511,511,511,511,511,511,511,511,512,515,518,520,525,529,535,538,541,543,544,548,550,548,536,514,495,481,455,425,391,363,333,309,293,279,260,247,233,217,205,193,187,181,178,174,173,172,169,168,167,165,163,162,162,162,162,165,167,171,172,178,180,184,186,189,189,189,189,189,189,189,189,188,185,182,180,175,171,165,162,159,157,156,152,150
200324103024,excitement,22,Male,Student,Intermediate,amusement,Yes,13344,amusement,811,814,816,816,819,822,824,826,829,832,836,838,840,845,850,856,863,873,879,884,889,895,900,904,906,912,917,923,924,924,924,924,924,924,924,924,924,920,916,913,911,910,908,908,907,907,904,900,899,896,895,894,893,888,880,877,875,875,874,872,870,866,860,853,836,828,825,825,825,825,825,825,825,825,824,823,823,822,821,821,820,819,819,818,818,817,816,816,815,815,814,813,812,812,812,812,822,834,847,866,885,885,879,856,821,797,787,786,786,786,785,782,777,769,758,747,733,725,716,702,680,655,630,616,612,607,602,592,580,574,572,569,568,561,557,552,545,537,524,523,523,811,814,816,816,819,822,824,826,829,832,836,838,840,845,850,856,863,873,879,884,889,895,900,904,906,912,917,923,924,924,924,924,924,924,924,924,924,920,916,913,911,910,908,908,907,907,904,900,899,896,895,894,893,888,880,877,875,875,874,872,870,866,860,853,836,828,825,825,825,825,825,825,825,825,824,823,823,822,821,821,820,819,819,818,818,817,816,816,815,815,814,813,812,812,812,812,822,834,847,866,885,885,879,856,821,797,787,786,786,786,785,782,777,769,758,747,733,725,716,702,680,655,630,616,612,607,602,592,580,574,572,569,568,561,557,552,545,537,524,523,523,36,37,38,39,40,43,44,46,49,51,55,58,58,61,63,66,71,77,81,85,89,94,99,101,103,112,119,125,134,135,144,157,177,199,215,228,236,251,270,292,309,312,316,319,328,336,349,360,363,367,370,375,387,403,420,433,442,447,450,454,456,460,466,471,486,496,503,506,507,508,511,512,515,517,520,524,527,531,532,534,535,538,539,540,543,544,547,548,549,550,551,554,556,250,251,250,239,235,234,247,287,310,323,333,344,348,346,343,335,328,332,345,355,364,372,381,394,407,417,424,433,439,443,450,455,459,465,474,478,478,478,478,478,478,479,483,487,489,491,491,492,664,663,662,661,660,657,656,654,651,649,645,642,642,639,637,634,629,623,619,615,611,606,601,599,597,588,581,575,566,565,556,543,523,501,485,472,464,449,430,408,391,388,384,381,372,364,351,340,337,333,330,325,313,297,280,267,258,253,250,246,244,240,234,229,214,204,197,194,193,192,189,188,185,183,180,176,173,169,168,166,165,162,161,160,157,156,153,152,151,150,149,146,144,450,449,450,461,465,466,453,413,390,377,367,356,352,354,357,365,372,368,355,345,336,328,319,306,293,283,276,267,261,257,250,245,241,235,226,222,222,222,222,222,222,221,217,213,211,209,209,208
200324102640,anger,21,Male,Student,Beginner,anger,Yes,3072,sadness,629,629,628,626,622,616,606,600,588,567,554,544,538,534,527,518,514,508,502,496,490,486,480,478,477,476,474,473,472,468,465,464,460,456,452,450,446,440,439,436,432,431,429,428,426,424,423,422,421,420,420,419,418,629,629,628,626,622,616,606,600,588,567,554,544,538,534,527,518,514,508,502,496,490,486,480,478,477,476,474,473,472,468,465,464,460,456,452,450,446,440,439,436,432,431,429,428,426,424,423,422,421,420,420,419,418,166,169,171,179,189,206,235,259,303,374,425,452,477,493,510,538,552,571,588,600,615,625,634,636,637,637,637,637,637,637,632,627,621,609,599,593,585,575,568,563,557,551,544,539,535,529,525,520,515,513,510,509,507,534,531,529,521,511,494,465,441,397,326,275,248,223,207,190,162,148,129,112,100,85,75,66,64,63,63,63,63,63,63,68,73,79,91,101,107,115,125,132,137,143,149,156,161,165,171,175,180,185,187,190,191,193
200324103024,excitement,22,Male,Student,Intermediate,contentment,Yes,11160,contentment,791,852,886,900,903,901,883,843,808,791,784,784,785,787,788,789,791,792,792,792,792,792,792,801,811,816,817,820,820,820,820,819,813,808,805,804,804,804,802,801,800,800,801,804,806,807,809,809,809,809,809,809,809,809,809,809,812,812,814,814,814,814,814,814,814,814,814,814,815,816,817,820,823,824,826,827,772,769,764,759,756,755,755,755,755,755,751,745,740,738,735,731,725,720,713,708,696,680,650,638,631,624,617,604,588,572,564,557,554,552,547,544,540,539,538,536,536,535,791,852,886,900,903,901,883,843,808,791,784,784,785,787,788,789,791,792,792,792,792,792,792,801,811,816,817,820,820,820,820,819,813,808,805,804,804,804,802,801,800,800,801,804,806,807,809,809,809,809,809,809,809,809,809,809,812,812,814,814,814,814,814,814,814,814,814,814,815,816,817,820,823,824,826,827,772,769,764,759,756,755,755,755,755,755,751,745,740,738,735,731,725,720,713,708,696,680,650,638,631,624,617,604,588,572,564,557,554,552,547,544,540,539,538,536,536,535,50,92,115,131,155,182,202,225,239,239,239,236,235,233,233,233,233,233,235,236,243,244,247,266,282,297,308,327,342,354,365,376,387,396,401,405,411,418,424,429,439,444,451,457,465,469,477,482,490,494,498,501,502,503,507,515,523,531,534,535,536,537,539,543,544,546,547,549,549,549,549,548,547,547,547,547,519,520,521,523,524,524,521,519,518,515,510,509,508,508,506,505,505,505,505,505,507,509,518,522,523,526,527,531,531,531,531,531,531,531,531,529,526,523,521,520,519,518,650,608,585,569,545,518,498,475,461,461,461,464,465,467,467,467,467,467,465,464,457,456,453,434,418,403,392,373,358,346,335,324,313,304,299,295,289,282,276,271,261,256,249,243,235,231,223,218,210,206,202,199,198,197,193,185,177,169,166,165,164,163,161,157,156,154,153,151,151,151,151,152,153,153,153,153,181,180,179,177,176,176,179,181,182,185,190,191,192,192,194,195,195,195,195,195,193,191,182,178,177,174,173,169,169,169,169,169,169,169,169,171,174,177,179,180,181,182
200324103024,excitement,22,Male,Student,Intermediate,excitement,Yes,2912,excitement,774,780,783,788,808,833,863,876,881,876,866,846,814,768,713,676,667,667,678,696,714,725,730,730,726,722,718,716,712,708,706,703,703,705,716,731,737,742,745,754,788,808,817,821,822,823,830,838,845,848,849,849,849,849,849,849,848,847,847,847,848,849,849,847,838,807,774,756,746,737,724,708,691,671,662,660,657,656,654,649,644,642,640,636,624,603,578,560,549,546,545,543,540,536,528,524,521,519,522,774,780,783,788,808,833,863,876,881,876,866,846,814,768,713,676,667,667,678,696,714,725,730,730,726,722,718,716,712,708,706,703,703,705,716,731,737,742,745,754,788,808,817,821,822,823,830,838,845,848,849,849,849,849,849,849,848,847,847,847,848,849,849,847,838,807,774,756,746,737,724,708,691,671,662,660,657,656,654,649,644,642,640,636,624,603,578,560,549,546,545,543,540,536,528,524,521,519,522,47,42,37,31,26,26,44,66,95,127,149,165,183,205,215,210,198,188,182,182,191,207,223,234,239,241,247,263,295,311,323,329,335,347,366,383,390,395,398,404,423,435,443,447,449,450,457,466,476,481,485,491,493,497,498,501,503,503,502,493,476,465,456,451,448,438,423,416,416,417,423,430,438,447,449,451,455,459,463,466,468,469,469,469,469,470,475,477,481,483,486,487,490,491,495,497,498,498,500,653,658,663,669,674,674,656,634,605,573,551,535,517,495,485,490,502,512,518,518,509,493,477,466,461,459,453,437,405,389,377,371,365,353,334,317,310,305,302,296,277,265,257,253,251,250,243,234,224,219,215,209,207,203,202,199,197,197,198,207,224,235,244,249,252,262,277,284,284,283,277,270,262,253,251,249,245,241,237,234,232,231,231,231,231,230,225,223,219,217,214,213,210,209,205,203,202,202,200
200324103024,excitement,22,Male,Student,Intermediate,fear,No,2488,awe,789,791,794,798,804,808,816,828,838,850,860,864,864,860,855,838,820,795,793,791,789,784,779,769,766,764,764,764,772,779,784,786,788,795,815,836,865,892,911,911,911,911,908,904,900,900,900,902,906,909,915,928,940,948,952,954,957,964,974,982,984,984,789,791,794,798,804,808,816,828,838,850,860,864,864,860,855,838,820,795,793,791,789,784,779,769,766,764,764,764,772,779,784,786,788,795,815,836,865,892,911,911,911,911,908,904,900,900,900,902,906,909,915,928,940,948,952,954,957,964,974,982,984,984,93,95,98,101,105,108,115,123,140,162,181,191,199,209,220,242,265,285,287,288,290,292,303,319,328,336,348,358,376,391,401,406,408,408,413,418,418,418,419,420,422,423,426,428,428,431,435,438,443,447,451,461,470,475,479,479,481,484,492,499,502,503,607,605,602,599,595,592,585,577,560,538,519,509,501,491,480,458,435,415,413,412,410,408,397,381,372,364,352,342,324,309,299,294,292,292,287,282,282,282,281,280,278,277,274,272,272,269,265,262,257,253,249,239,230,225,221,221,219,216,208,201,198,197
200324104532,excitement,22,Male,Student,Expert,awe,No,4199,contentment,807,807,808,810,821,831,858,884,903,918,927,939,948,961,971,983,989,996,999,1002,1004,1008,1010,1011,1013,1015,1016,1017,1019,1019,1019,1019,1020,1020,1020,1020,807,807,808,810,821,831,858,884,903,918,927,939,948,961,971,983,989,996,999,1002,1004,1008,1010,1011,1013,1015,1016,1017,1019,1019,1019,1019,1020,1020,1020,1020,43,45,48,53,89,131,187,250,293,328,349,365,374,382,388,393,398,405,413,422,430,438,446,454,461,467,472,477,488,491,494,499,502,504,505,506,657,655,652,647,611,569,513,450,407,372,351,335,326,318,312,307,302,295,287,278,270,262,254,246,239,233,228,223,212,209,206,201,198,196,195,194
200324104532,excitement,22,Male,Student,Expert,sadness,No,7999,contentment,764,774,756,725,708,704,649,647,646,646,646,648,666,718,740,762,801,825,828,832,857,944,1028,1040,1042,1044,764,774,756,725,708,704,649,647,646,646,646,648,666,718,740,762,801,825,828,832,857,944,1028,1040,1042,1044,155,247,392,544,663,687,681,674,672,671,669,669,664,646,639,626,611,603,602,598,573,528,501,498,498,498,545,453,308,156,37,13,19,26,28,29,31,31,36,54,61,74,89,97,98,102,127,172,199,202,202,202
200324104532,excitement,22,Male,Student,Expert,excitement,Yes,1783,excitement,771,774,778,778,775,766,755,741,723,708,692,669,656,642,632,627,622,621,621,618,618,618,618,615,604,597,597,597,597,597,597,597,597,597,596,566,506,496,492,488,488,771,774,778,778,775,766,755,741,723,708,692,669,656,642,632,627,622,621,621,618,618,618,618,615,604,597,597,597,597,597,597,597,597,597,596,566,506,496,492,488,488,73,105,149,200,265,315,365,413,461,495,533,571,597,620,637,645,651,652,638,602,589,582,579,570,544,521,501,488,485,477,458,453,450,449,447,462,489,497,507,513,517,627,595,551,500,435,385,335,287,239,205,167,129,103,80,63,55,49,48,62,98,111,118,121,130,156,179,199,212,215,223,242,247,250,251,253,238,211,203,193,187,183
200324104532,excitement,22,Male,Student,Expert,anger,No,4223,disgust,767,768,768,769,770,772,773,777,779,784,784,780,756,732,716,700,691,687,680,676,666,643,606,595,616,632,634,635,637,651,669,673,676,689,718,719,720,720,720,719,718,722,731,740,742,745,746,756,768,769,770,772,773,793,840,888,902,903,910,928,932,933,945,954,960,965,973,976,978,980,767,768,768,769,770,772,773,777,779,784,784,780,756,732,716,700,691,687,680,676,666,643,606,595,616,632,634,635,637,651,669,673,676,689,718,719,720,720,720,719,718,722,731,740,742,745,746,756,768,769,770,772,773,793,840,888,902,903,910,928,932,933,945,954,960,965,973,976,978,980,122,125,127,129,129,132,133,140,145,154,178,218,253,273,283,294,309,319,335,368,425,468,490,491,488,488,488,486,486,486,487,489,492,492,492,492,496,497,498,499,500,498,489,487,487,484,482,480,474,474,474,474,475,475,475,480,486,486,486,492,493,493,497,500,502,503,505,506,508,509,578,575,573,571,571,568,567,560,555,546,522,482,447,427,417,406,391,381,365,332,275,232,210,209,212,212,212,214,214,214,213,211,208,208,208,208,204,203,202,201,200,202,211,213,213,216,218,220,226,226,226,226,225,225,225,220,214,214,214,208,207,207,203,200,198,197,195,194,192,191
200324104532,excitement,22,Male,Student,Expert,contentment,No,7400,amusement,757,763,768,763,720,672,592,547,526,514,512,513,536,540,544,564,592,607,629,674,684,687,688,689,691,709,728,733,738,740,742,749,759,760,760,759,744,724,720,723,729,735,736,747,759,760,759,754,755,766,774,804,864,902,912,914,924,935,960,971,972,972,973,972,970,953,929,912,880,785,752,750,749,751,767,768,769,769,769,765,756,752,752,756,804,897,946,957,961,969,973,976,978,978,978,978,977,757,763,768,763,720,672,592,547,526,514,512,513,536,540,544,564,592,607,629,674,684,687,688,689,691,709,728,733,738,740,742,749,759,760,760,759,744,724,720,723,729,735,736,747,759,760,759,754,755,766,774,804,864,902,912,914,924,935,960,971,972,972,973,972,970,953,929,912,880,785,752,750,749,751,767,768,769,769,769,765,756,752,752,756,804,897,946,957,961,969,973,976,978,978,978,978,977,67,83,107,152,218,283,375,444,489,513,518,510,476,472,468,458,448,440,429,425,422,419,418,417,417,441,517,571,599,602,602,582,567,566,565,564,563,563,561,561,559,559,559,557,551,550,549,548,547,548,549,549,534,531,526,526,521,516,506,501,500,497,492,492,492,492,493,497,501,517,520,521,524,530,536,537,541,544,545,552,564,565,566,566,566,555,548,547,543,537,533,528,517,514,512,509,508,633,617,593,548,482,417,325,256,211,187,182,190,224,228,232,242,252,260,271,275,278,281,282,283,283,259,183,129,101,98,98,118,133,134,135,136,137,137,139,139,141,141,141,143,149,150,151,152,153,152,151,151,166,169,174,174,179,184,194,199,200,203,208,208,208,208,207,203,199,183,180,179,176,170,164,163,159,156,155,148,136,135,134,134,134,145,152,153,157,163,167,172,183,186,188,191,192
200324104532,excitement,22,Male,Student,Expert,disgust,Yes,2248,disgust,782,782,782,780,778,776,775,773,767,762,758,756,753,738,718,706,702,703,704,704,715,725,732,731,731,729,716,691,639,608,583,557,535,524,504,499,495,494,782,782,782,780,778,776,775,773,767,762,758,756,753,738,718,706,702,703,704,704,715,725,732,731,731,729,716,691,639,608,583,557,535,524,504,499,495,494,103,109,113,125,136,141,142,148,167,190,205,210,217,252,287,300,301,301,298,297,297,297,297,281,279,278,285,312,345,362,382,417,451,464,477,482,488,489,597,591,587,575,564,559,558,552,533,510,495,490,483,448,413,400,399,399,402,403,403,403,403,419,421,422,415,388,355,338,318,283,249,236,223,218,212,211
200324104532,excitement,22,Male,Student,Expert,excitement,Yes,2000,excitement,768,752,728,702,672,644,628,627,648,654,656,660,667,667,659,585,542,532,532,529,528,528,528,528,528,768,752,728,702,672,644,628,627,648,654,656,660,667,667,659,585,542,532,532,529,528,528,528,528,528,55,72,101,129,156,177,183,184,190,193,193,195,198,213,244,327,394,435,447,449,453,458,477,491,494,645,628,599,571,544,523,517,516,510,507,507,505,502,487,456,373,306,265,253,251,247,242,223,209,206
200324104532,excitement,22,Male,Student,Expert,fear,Yes,2968,amusement,780,783,787,793,794,794,794,794,784,767,740,704,672,645,629,623,622,619,615,616,632,650,660,694,754,806,816,816,816,816,826,828,828,839,843,844,845,845,844,841,825,780,632,472,422,411,406,405,405,405,412,426,434,436,780,783,787,793,794,794,794,794,784,767,740,704,672,645,629,623,622,619,615,616,632,650,660,694,754,806,816,816,816,816,826,828,828,839,843,844,845,845,844,841,825,780,632,472,422,411,406,405,405,405,412,426,434,436,113,125,142,166,191,235,269,306,363,421,470,529,585,633,657,665,665,665,665,665,646,625,619,608,587,565,560,559,556,542,471,332,175,132,127,127,128,137,137,135,156,207,327,441,499,521,533,541,551,547,517,502,501,500,587,575,558,534,509,465,431,394,337,279,230,171,115,67,43,35,35,35,35,35,54,75,81,92,113,135,140,141,144,158,229,368,525,568,573,573,572,563,563,565,544,493,373,259,201,179,167,159,149,153,183,198,199,200
200324105238,contentment,21,Male,Student,Intermediate,awe,Yes,2160,awe,772,756,723,644,584,532,520,508,492,480,476,470,464,463,463,463,463,463,464,465,465,467,468,468,468,468,464,458,452,446,428,418,414,412,408,772,756,723,644,584,532,520,508,492,480,476,470,464,463,463,463,463,463,464,465,465,467,468,468,468,468,464,458,452,446,428,418,414,412,408,61,85,125,177,210,239,246,257,272,288,304,327,349,364,376,382,390,397,406,412,413,416,421,422,426,434,448,461,469,475,487,496,500,503,509,639,615,575,523,490,461,454,443,428,412,396,373,351,336,324,318,310,303,294,288,287,284,279,278,274,266,252,239,231,225,213,204,200,197,191
200324105238,contentment,21,Male,Student,Intermediate,sadness,No,2264,contentment,788,788,788,788,787,787,787,787,787,787,787,787,787,787,787,787,787,787,787,787,788,794,797,807,830,870,919,949,979,1003,1021,1028,1032,1040,1042,788,788,788,788,787,787,787,787,787,787,787,787,787,787,787,787,787,787,787,787,788,794,797,807,830,870,919,949,979,1003,1021,1028,1032,1040,1042,113,115,116,117,119,120,121,122,123,127,128,130,131,133,137,141,143,145,146,149,149,163,171,197,241,301,357,398,437,469,490,501,505,513,513,587,585,584,583,581,580,579,578,577,573,572,570,569,567,563,559,557,555,554,551,551,537,529,503,459,399,343,302,263,231,210,199,195,187,187
200324105238,contentment,21,Male,Student,Intermediate,contentment,Yes,2856,amusement,758,752,750,745,744,740,734,729,721,710,704,697,690,690,690,690,680,674,675,676,675,657,609,531,472,448,437,436,758,752,750,745,744,740,734,729,721,710,704,697,690,690,690,690,680,674,675,676,675,657,609,531,472,448,437,436,41,46,51,57,61,67,79,96,112,135,159,201,257,306,343,375,431,472,491,493,499,499,499,499,499,499,499,500,659,654,649,643,639,633,621,604,588,565,541,499,443,394,357,325,269,228,209,207,201,201,201,201,201,201,201,200
200324105238,contentment,21,Male,Student,Intermediate,anger,Yes,2504,disgust,790,790,790,788,788,787,786,786,783,780,777,775,774,772,771,769,768,764,764,764,761,761,761,760,760,760,760,760,760,759,758,752,740,712,668,648,631,572,489,433,428,430,431,790,790,790,788,788,787,786,786,783,780,777,775,774,772,771,769,768,764,764,764,761,761,761,760,760,760,760,760,760,759,758,752,740,712,668,648,631,572,489,433,428,430,431,107,109,110,112,114,115,117,120,124,128,137,139,144,148,152,154,159,162,165,168,169,171,173,174,176,179,181,185,186,194,202,216,240,278,338,367,394,441,478,501,505,505,505,593,591,590,588,586,585,583,580,576,572,563,561,556,552,548,546,541,538,535,532,531,529,527,526,524,521,519,515,514,506,498,484,460,422,362,333,306,259,222,199,195,195,195
200324105238,contentment,21,Male,Student,Intermediate,contentment,Yes,2343,contentment,778,783,783,783,780,780,780,778,772,759,750,745,740,734,720,698,679,645,593,582,574,570,567,564,566,568,567,560,536,524,515,508,507,778,783,783,783,780,780,780,778,772,759,750,745,740,734,720,698,679,645,593,582,574,570,567,564,566,568,567,560,536,524,515,508,507,59,67,81,96,119,169,229,275,304,349,409,437,449,453,457,461,465,473,492,498,501,505,509,511,513,514,514,512,503,503,503,503,503,641,633,619,604,581,531,471,425,396,351,291,263,251,247,243,239,235,227,208,202,199,195,191,189,187,186,186,188,197,197,197,197,197
200324105238,contentment,21,Male,Student,Intermediate,disgust,No,6807,contentment,746,746,746,742,729,705,673,651,623,603,585,566,545,542,834,835,835,836,838,840,859,881,888,888,890,892,894,896,898,900,902,903,904,906,908,909,912,913,915,920,946,985,1012,1021,1030,1041,1053,1056,746,746,746,742,729,705,673,651,623,603,585,566,545,542,834,835,835,836,838,840,859,881,888,888,890,892,894,896,898,900,902,903,904,906,908,909,912,913,915,920,946,985,1012,1021,1030,1041,1053,1056,127,154,176,193,225,274,348,376,398,420,441,460,477,479,357,358,359,360,365,372,401,437,449,453,454,454,454,454,454,457,460,460,460,460,460,460,460,460,461,463,467,479,487,491,494,497,500,500,573,546,524,507,475,426,352,324,302,280,259,240,223,221,343,342,341,340,335,328,299,263,251,247,246,246,246,246,246,243,240,240,240,240,240,240,240,240,239,237,233,221,213,209,206,203,200,200
200324105238,contentment,21,Male,Student,Intermediate,excitement,Yes,4119,excitement,772,769,768,764,762,758,756,752,750,747,747,747,747,748,748,748,744,734,708,652,613,574,560,555,554,553,553,560,562,564,564,564,564,564,565,565,565,565,565,565,565,565,565,565,565,565,565,565,564,562,560,551,547,543,533,521,516,512,511,510,509,505,501,500,496,493,492,772,769,768,764,762,758,756,752,750,747,747,747,747,748,748,748,744,734,708,652,613,574,560,555,554,553,553,560,562,564,564,564,564,564,565,565,565,565,565,565,565,565,565,565,565,565,565,565,564,562,560,551,547,543,533,521,516,512,511,510,509,505,501,500,496,493,492,55,62,66,70,76,81,87,94,99,105,109,117,125,140,158,178,212,264,340,473,562,621,637,639,639,637,630,603,588,582,579,577,576,573,569,568,566,565,563,561,558,555,553,551,548,546,545,542,539,536,532,527,525,523,523,523,523,523,523,523,522,519,516,513,507,502,497,645,638,634,630,624,619,613,606,601,595,591,583,575,560,542,522,488,436,360,227,138,79,63,61,61,63,70,97,112,118,121,123,124,127,131,132,134,135,137,139,142,145,147,149,152,154,155,158,161,164,168,173,175,177,177,177,177,177,177,177,178,181,184,187,193,198,203
200324105238,contentment,21,Male,Student,Intermediate,fear,No,2896,fear,761,775,776,783,787,789,790,792,792,792,770,734,688,647,627,620,608,604,604,604,599,596,595,596,603,627,671,733,821,900,972,1009,1032,1044,1050,761,775,776,783,787,789,790,792,792,792,770,734,688,647,627,620,608,604,604,604,599,596,595,596,603,627,671,733,821,900,972,1009,1032,1044,1050,113,114,121,128,133,135,136,138,141,161,193,245,325,390,424,440,457,469,474,477,481,481,482,484,485,485,485,485,487,487,487,487,491,493,494,587,586,579,572,567,565,564,562,559,539,507,455,375,310,276,260,243,231,226,223,219,219,218,216,215,215,215,215,213,213,213,213,209,207,206
