200324101716,excitement,-1,Male,Student,Beginner,awe,Yes,18820,contentment,784,768,755,742,724,715,702,695,688,677,670,663,652,640,629,619,614,610,606,603,599,590,583,577,570,567,564,562,560,560,558,556,555,553,552,550,549,549,548,547,547,547,547,546,545,544,543,542,540,537,536,535,536,538,544,552,572,588,604,633,656,673,692,702,714,721,727,734,744,750,761,766,768,769,769,769,768,764,755,747,740,733,720,706,677,657,632,601,580,560,540,529,520,505,502,499,496,495,492,491,489,485,482,481,480,479,480,481,481,481,481,481,482,487,500,516,529,536,541,545,551,555,562,569,579,590,603,612,621,632,637,657,672,685,702,712,722,734,737,739,740,742,746,748,749,749,746,727,708,692,659,624,596,555,537,522,499,486,479,472,467,464,460,459,457,456,454,453,452,450,450,450,449,449,449,448,448,448,448,448,447,447,447,447,447,446,446,445,445,445,444,444,444,444,446,476,499,522,565,598,630,660,665,667,663,652,632,614,600,584,576,568,784,768,755,742,724,715,702,695,688,677,670,663,652,640,629,619,614,610,606,603,599,590,583,577,570,567,564,562,560,560,558,556,555,553,552,550,549,549,548,547,547,547,547,546,545,544,543,542,540,537,536,535,536,538,544,552,572,588,604,633,656,673,692,702,714,721,727,734,744,750,761,766,768,769,769,769,768,764,755,747,740,733,720,706,677,657,632,601,580,560,540,529,520,505,502,499,496,495,492,491,489,485,482,481,480,479,480,481,481,481,481,481,482,487,500,516,529,536,541,545,551,555,562,569,579,590,603,612,621,632,637,657,672,685,702,712,722,734,737,739,740,742,746,748,749,749,746,727,708,692,659,624,596,555,537,522,499,486,479,472,467,464,460,459,457,456,454,453,452,450,450,450,449,449,449,448,448,448,448,448,447,447,447,447,447,446,446,445,445,445,444,444,444,444,446,476,499,522,565,598,630,660,665,667,663,652,632,614,600,584,576,568,37,49,62,75,93,104,118,128,137,150,162,173,195,212,231,249,258,265,275,283,291,307,322,336,357,371,382,391,395,398,404,408,415,425,428,433,435,438,442,455,464,466,467,467,467,467,468,471,474,477,479,479,479,477,472,459,435,412,388,337,299,263,227,206,182,169,155,142,117,101,83,73,68,66,65,67,67,71,78,83,86,91,105,118,155,182,211,255,285,315,359,384,403,426,435,439,443,446,450,454,459,466,472,475,478,478,478,478,479,480,481,482,482,482,479,472,468,463,459,457,453,451,446,439,425,407,386,367,347,308,283,223,187,151,114,96,81,67,62,60,59,59,61,62,62,63,69,90,108,123,152,180,210,247,267,284,324,366,391,409,416,421,426,428,432,435,438,439,443,445,446,447,447,448,449,450,454,459,468,472,475,478,480,481,482,482,483,483,484,485,485,484,483,482,481,472,464,456,441,431,424,416,415,415,416,423,436,451,461,477,484,489,663,651,638,625,607,596,582,572,563,550,538,527,505,488,469,451,442,435,425,417,409,393,378,364,343,329,318,309,305,302,296,292,285,275,272,267,265,262,258,245,236,234,233,233,233,233,232,229,226,223,221,221,221,223,228,241,265,288,312,363,401,437,473,494,518,531,545,558,583,599,617,627,632,634,635,633,633,629,622,617,614,609,595,582,545,518,489,445,415,385,341,316,297,274,265,261,257,254,250,246,241,234,228,225,222,222,222,222,221,220,219,218,218,218,221,228,232,237,241,243,247,249,254,261,275,293,314,333,353,392,417,477,513,549,586,604,619,633,638,640,641,641,639,638,638,637,631,610,592,577,548,520,490,453,433,416,376,334,309,291,284,279,274,272,268,265,262,261,257,255,254,253,253,252,251,250,246,241,232,228,225,222,220,219,218,218,217,217,216,215,215,216,217,218,219,228,236,244,259,269,276,284,285,285,284,277,264,249,239,223,216,211
200324102538,sadness,22,Male,Student,Beginner,sadness,No,5269,disgust,756,743,716,683,664,643,614,605,591,585,579,578,588,602,649,674,728,744,754,764,769,772,776,778,779,783,790,801,820,838,852,874,891,899,912,933,958,977,994,1006,1020,1028,1032,1034,1035,1036,1035,1034,1033,1032,1030,1029,1028,1006,926,872,803,725,679,655,604,588,545,538,526,521,519,517,516,515,514,513,512,511,510,509,508,508,513,515,540,583,644,667,698,720,741,763,784,804,820,833,843,854,866,874,880,888,904,913,920,924,927,929,935,943,951,963,972,988,1007,1016,1019,1021,1022,756,743,716,683,664,643,614,605,591,585,579,578,588,602,649,674,728,744,754,764,769,772,776,778,779,783,790,801,820,838,852,874,891,899,912,933,958,977,994,1006,1020,1028,1032,1034,1035,1036,1035,1034,1033,1032,1030,1029,1028,1006,926,872,803,725,679,655,604,588,545,538,526,521,519,517,516,515,514,513,512,511,510,509,508,508,513,515,540,583,644,667,698,720,741,763,784,804,820,833,843,854,866,874,880,888,904,913,920,924,927,929,935,943,951,963,972,988,1007,1016,1019,1021,1022,79,91,111,134,153,172,214,232,255,266,275,276,293,309,380,411,495,521,541,555,560,564,567,570,571,571,568,562,555,549,542,530,521,517,511,504,500,498,498,498,498,499,499,499,499,499,499,499,499,499,499,499,499,499,518,528,544,554,558,559,559,559,554,553,550,549,549,549,549,549,548,547,545,544,544,543,542,541,541,541,541,542,555,559,563,565,563,560,555,548,541,536,532,529,525,523,522,521,520,520,521,522,522,524,525,525,525,522,521,516,505,499,496,494,493,621,609,589,566,547,528,486,468,445,434,425,424,407,391,320,289,205,179,159,145,140,136,133,130,129,129,132,138,145,151,158,170,179,183,189,196,200,202,202,202,202,201,201,201,201,201,201,201,201,201,201,201,201,201,182,172,156,146,142,141,141,141,146,147,150,151,151,151,151,151,152,153,155,156,156,157,158,159,159,159,159,158,145,141,137,135,137,140,145,152,159,164,168,171,175,177,178,179,180,180,179,178,178,176,175,175,175,178,179,184,195,201,204,206,207
200324102538,sadness,22,Male,Student,Beginner,anger,No,3880,sadness,785,785,785,784,784,784,784,785,787,788,792,799,812,832,845,856,861,862,862,856,851,849,848,846,846,846,846,846,846,845,844,844,840,837,829,821,814,807,802,797,792,786,768,763,762,762,761,760,760,760,760,762,764,764,766,769,774,782,804,832,861,907,942,983,1015,1037,1056,1065,1068,1069,1070,1070,1071,1071,1072,785,785,785,784,784,784,784,785,787,788,792,799,812,832,845,856,861,862,862,856,851,849,848,846,846,846,846,846,846,845,844,844,840,837,829,821,814,807,802,797,792,786,768,763,762,762,761,760,760,760,760,762,764,764,766,769,774,782,804,832,861,907,942,983,1015,1037,1056,1065,1068,1069,1070,1070,1071,1071,1072,111,115,116,117,120,122,123,125,126,129,133,141,165,201,233,260,288,328,341,373,390,404,411,420,427,437,445,452,457,462,467,477,482,487,497,505,510,515,517,519,522,522,518,504,500,498,498,498,501,503,507,509,511,513,514,517,517,517,514,505,499,487,481,477,473,468,466,464,464,465,472,481,493,497,501,589,585,584,583,580,578,577,575,574,571,567,559,535,499,467,440,412,372,359,327,310,296,289,280,273,263,255,248,243,238,233,223,218,213,203,195,190,185,183,181,178,178,182,196,200,202,202,202,199,197,193,191,189,187,186,183,183,183,186,195,201,213,219,223,227,232,234,236,236,235,228,219,207,203,199
200324102645,excitement,21,Male,Student,Expert,contentment,Yes,4401,awe,950,950,944,940,938,937,936,931,930,929,929,928,927,925,915,905,891,877,865,847,835,819,805,787,775,761,747,735,723,713,703,696,692,685,683,676,672,669,668,667,665,663,660,660,659,657,656,655,654,653,950,950,944,940,938,937,936,931,930,929,929,928,927,925,915,905,891,877,865,847,835,819,805,787,775,761,747,735,723,713,703,696,692,685,683,676,672,669,668,667,665,663,660,660,659,657,656,655,654,653,-73,-61,-46,-28,-22,-13,-2,11,24,31,37,40,41,52,81,115,149,179,207,235,259,285,309,335,355,377,393,411,431,451,467,477,486,498,507,520,530,537,540,538,532,523,516,514,511,507,505,504,501,499,773,761,746,728,722,713,702,689,676,669,663,660,659,648,619,585,551,521,493,465,441,415,391,365,345,323,307,289,269,249,233,223,214,202,193,180,170,163,160,162,168,177,184,186,189,193,195,196,199,201
200324102723,contentment,22,Male,Student,Expert,contentment,Yes,6922,amusement,905,903,900,893,890,883,873,868,861,859,858,856,855,854,853,852,850,848,844,843,840,838,836,834,832,832,830,830,829,828,828,827,827,825,824,822,821,816,813,810,807,802,800,799,799,798,795,795,794,794,794,794,794,792,792,792,792,791,791,791,791,791,791,791,791,791,791,791,791,791,791,791,791,791,791,791,791,791,791,791,791,791,791,789,789,788,788,788,788,788,787,786,786,784,783,781,779,776,773,769,762,759,757,752,749,745,740,735,729,724,716,710,701,693,688,682,678,676,675,674,672,671,670,670,669,668,667,667,666,666,666,666,666,666,666,666,666,666,666,666,666,666,666,666,666,666,666,666,666,666,666,666,667,668,668,669,670,670,670,670,670,671,672,673,673,674,675,675,676,677,677,677,677,677,678,905,903,900,893,890,883,873,868,861,859,858,856,855,854,853,852,850,848,844,843,840,838,836,834,832,832,830,830,829,828,828,827,827,825,824,822,821,816,813,810,807,802,800,799,799,798,795,795,794,794,794,794,794,792,792,792,792,791,791,791,791,791,791,791,791,791,791,791,791,791,791,791,791,791,791,791,791,791,791,791,791,791,791,789,789,788,788,788,788,788,787,786,786,784,783,781,779,776,773,769,762,759,757,752,749,745,740,735,729,724,716,710,701,693,688,682,678,676,675,674,672,671,670,670,669,668,667,667,666,666,666,666,666,666,666,666,666,666,666,666,666,666,666,666,666,666,666,666,666,666,666,666,667,668,668,669,670,670,670,670,670,671,672,673,673,674,675,675,676,677,677,677,677,677,678,-88,-87,-85,-80,-78,-71,-63,-59,-53,-51,-49,-47,-46,-45,-43,-41,-38,-36,-33,-31,-26,-23,-21,-19,-17,-16,-14,-13,-11,-10,-7,-5,-2,1,5,11,23,35,48,57,69,79,86,94,99,105,113,120,131,142,155,166,177,188,195,202,207,213,218,224,225,229,232,238,248,256,268,282,297,309,322,329,335,341,348,354,359,362,366,369,371,373,375,377,379,381,384,386,387,390,391,393,394,396,397,399,401,403,405,406,409,410,411,413,414,417,419,422,425,428,430,431,432,437,438,439,440,441,441,442,442,443,444,444,445,446,447,448,448,449,449,450,450,452,453,454,455,456,457,458,459,462,463,464,465,466,467,468,469,470,471,471,473,474,475,476,477,477,478,479,479,480,481,482,483,484,484,485,486,487,488,490,491,492,493,788,787,785,780,778,771,763,759,753,751,749,747,746,745,743,741,738,736,733,731,726,723,721,719,717,716,714,713,711,710,707,705,702,699,695,689,677,665,652,643,631,621,614,606,601,595,587,580,569,558,545,534,523,512,505,498,493,487,482,476,475,471,468,462,452,444,432,418,403,391,378,371,365,359,352,346,341,338,334,331,329,327,325,323,321,319,316,314,313,310,309,307,306,304,303,301,299,297,295,294,291,290,289,287,286,283,281,278,275,272,270,269,268,263,262,261,260,259,259,258,258,257,256,256,255,254,253,252,252,251,251,250,250,248,247,246,245,244,243,242,241,238,237,236,235,234,233,232,231,230,229,229,227,226,225,224,223,223,222,221,221,220,219,218,217,216,216,215,214,213,212,210,209,208,207
200324102645,excitement,21,Male,Student,Expert,disgust,No,3449,disgust,959,959,959,959,959,959,959,959,959,959,956,954,953,951,951,952,960,974,980,981,981,980,976,969,964,963,962,960,955,948,945,939,938,936,932,930,925,922,915,912,905,899,895,887,880,872,864,854,831,823,813,806,805,809,826,856,892,926,970,1010,1050,1090,1132,1170,1200,1230,1252,1269,1278,1283,1284,1285,1286,1287,1288,1289,1290,1291,1291,1291,1291,1293,1293,1293,1293,1293,1293,1293,1293,1293,1292,1291,1290,1290,1290,1288,1288,1288,1287,1287,1286,1286,1285,1283,1282,1282,1281,1280,1278,1278,1277,1277,1277,1277,1276,1276,1275,1275,1275,1273,1273,1272,1272,959,959,959,959,959,959,959,959,959,959,956,954,953,951,951,952,960,974,980,981,981,980,976,969,964,963,962,960,955,948,945,939,938,936,932,930,925,922,915,912,905,899,895,887,880,872,864,854,831,823,813,806,805,809,826,856,892,926,970,1010,1050,1090,1132,1170,1200,1230,1252,1269,1278,1283,1284,1285,1286,1287,1288,1289,1290,1291,1291,1291,1291,1293,1293,1293,1293,1293,1293,1293,1293,1293,1292,1291,1290,1290,1290,1288,1288,1288,1287,1287,1286,1286,1285,1283,1282,1282,1281,1280,1278,1278,1277,1277,1277,1277,1276,1276,1275,1275,1275,1273,1273,1272,1272,-28,-20,-14,-6,4,13,22,28,33,37,42,45,49,54,55,56,54,45,42,42,45,51,61,73,82,89,97,109,121,137,145,153,164,173,183,196,208,223,233,246,258,268,279,290,302,312,322,330,350,361,372,377,378,378,378,378,378,378,378,378,378,378,380,380,380,380,380,380,380,380,380,380,381,381,381,383,384,385,387,389,390,392,394,398,400,404,409,411,415,418,421,424,426,429,430,432,434,435,437,439,440,444,446,450,455,457,461,465,467,469,471,472,474,475,476,477,479,480,481,485,489,491,492,728,720,714,706,696,687,678,672,667,663,658,655,651,646,645,644,646,655,658,658,655,649,639,627,618,611,603,591,579,563,555,547,536,527,517,504,492,477,467,454,442,432,421,410,398,388,378,370,350,339,328,323,322,322,322,322,322,322,322,322,322,322,320,320,320,320,320,320,320,320,320,320,319,319,319,317,316,315,313,311,310,308,306,302,300,296,291,289,285,282,279,276,274,271,270,268,266,265,263,261,260,256,254,250,245,243,239,235,233,231,229,228,226,225,224,223,221,220,219,215,211,209,208
200324102723,contentment,22,Male,Student,Expert,excitement,Yes,1512,excitement,947,947,947,947,947,947,947,947,945,942,942,939,938,936,936,936,936,936,936,936,936,936,936,934,929,927,920,912,902,896,882,872,858,842,828,810,792,770,752,734,719,702,691,680,676,674,672,671,947,947,947,947,947,947,947,947,945,942,942,939,938,936,936,936,936,936,936,936,936,936,936,934,929,927,920,912,902,896,882,872,858,842,828,810,792,770,752,734,719,702,691,680,676,674,672,671,-71,-68,-65,-61,-56,-49,-39,-24,-12,-1,10,20,29,38,48,58,73,94,114,134,150,164,180,194,210,226,245,263,285,303,324,342,362,378,394,412,424,436,448,458,468,477,485,489,492,493,494,495,771,768,765,761,756,749,739,724,712,701,690,680,671,662,652,642,627,606,586,566,550,536,520,506,490,474,455,437,415,397,376,358,338,322,306,288,276,264,252,242,232,223,215,211,208,207,206,205
200324102751,contentment,21,Male,Student,Expert,anger,Yes,7736,sadness,946,946,946,946,946,946,946,944,943,939,937,931,925,921,914,908,905,899,895,891,885,884,882,879,877,875,874,870,868,866,865,862,860,858,858,855,853,852,850,845,844,842,841,837,835,832,830,828,827,823,822,821,821,819,818,818,817,814,812,811,811,814,821,828,835,842,849,857,864,873,883,896,912,930,948,966,984,1004,1014,1014,1015,1011,1007,1006,1004,1001,1000,999,994,989,983,976,970,962,951,943,937,925,917,909,899,890,882,876,864,857,850,844,840,835,831,827,824,819,813,811,806,803,799,793,791,787,784,780,777,773,771,769,767,765,764,763,760,759,758,756,754,752,751,749,748,748,748,746,746,746,746,746,746,746,746,747,748,751,754,757,760,763,767,772,774,780,785,788,790,791,793,794,795,796,798,800,801,805,806,808,809,810,814,818,820,824,829,835,838,842,847,851,854,857,859,862,864,867,870,872,873,876,878,879,882,884,887,888,889,891,893,894,896,897,899,899,898,897,896,896,896,896,896,901,904,905,907,910,911,913,914,915,918,920,921,923,925,927,929,931,935,939,944,948,951,953,957,958,962,965,967,970,971,972,973,974,974,972,969,964,954,941,928,912,898,885,870,856,838,819,799,780,760,739,715,693,671,645,623,601,581,559,535,517,503,488,478,473,469,468,468,468,469,470,471,472,473,474,475,475,476,478,479,481,483,484,486,487,488,946,946,946,946,946,946,946,944,943,939,937,931,925,921,914,908,905,899,895,891,885,884,882,879,877,875,874,870,868,866,865,862,860,858,858,855,853,852,850,845,844,842,841,837,835,832,830,828,827,823,822,821,821,819,818,818,817,814,812,811,811,814,821,828,835,842,849,857,864,873,883,896,912,930,948,966,984,1004,1014,1014,1015,1011,1007,1006,1004,1001,1000,999,994,989,983,976,970,962,951,943,937,925,917,909,899,890,882,876,864,857,850,844,840,835,831,827,824,819,813,811,806,803,799,793,791,787,784,780,777,773,771,769,767,765,764,763,760,759,758,756,754,752,751,749,748,748,748,746,746,746,746,746,746,746,746,747,748,751,754,757,760,763,767,772,774,780,785,788,790,791,793,794,795,796,798,800,801,805,806,808,809,810,814,818,820,824,829,835,838,842,847,851,854,857,859,862,864,867,870,872,873,876,878,879,882,884,887,888,889,891,893,894,896,897,899,899,898,897,896,896,896,896,896,901,904,905,907,910,911,913,914,915,918,920,921,923,925,927,929,931,935,939,944,948,951,953,957,958,962,965,967,970,971,972,973,974,974,972,969,964,954,941,928,912,898,885,870,856,838,819,799,780,760,739,715,693,671,645,623,601,581,559,535,517,503,488,478,473,469,468,468,468,469,470,471,472,473,474,475,475,476,478,479,481,483,484,486,487,488,-18,-18,-16,-15,-13,-11,-8,-4,1,9,14,22,32,39,50,59,66,75,88,97,108,120,130,145,157,172,188,205,219,234,244,258,275,284,299,310,319,330,340,353,363,371,381,390,399,406,412,419,425,430,435,438,441,443,446,450,453,459,463,464,465,461,451,436,422,410,398,386,372,358,343,323,303,281,261,243,225,209,195,193,193,193,195,196,200,202,205,209,214,221,228,236,243,254,265,275,283,292,303,311,322,333,341,350,362,369,376,383,389,394,399,404,408,414,420,423,428,432,436,442,447,450,455,459,462,467,469,472,474,476,479,481,484,486,489,492,494,497,498,501,503,505,506,508,510,511,513,515,516,517,518,521,522,523,525,528,529,530,532,534,535,537,539,539,540,540,540,540,540,540,540,540,540,540,540,540,540,540,540,540,540,540,540,537,537,537,536,536,535,535,535,534,534,534,532,532,532,532,532,531,531,531,531,530,530,530,530,530,529,529,527,526,523,522,517,511,503,491,484,473,471,471,471,471,469,469,469,469,469,470,471,471,472,473,475,476,477,479,480,482,483,483,486,486,487,487,488,490,490,491,492,493,494,495,496,496,497,499,499,499,499,499,499,499,499,499,499,499,499,499,499,499,499,499,499,499,499,499,505,507,508,510,512,513,514,515,516,517,518,519,520,521,522,523,524,524,524,522,521,519,517,515,514,512,511,718,718,716,715,713,711,708,704,699,691,686,678,668,661,650,641,634,625,612,603,592,580,570,555,543,528,512,495,481,466,456,442,425,416,401,390,381,370,360,347,337,329,319,310,301,294,288,281,275,270,265,262,259,257,254,250,247,241,237,236,235,239,249,264,278,290,302,314,328,342,357,377,397,419,439,457,475,491,505,507,507,507,505,504,500,498,495,491,486,479,472,464,457,446,435,425,417,408,397,389,378,367,359,350,338,331,324,317,311,306,301,296,292,286,280,277,272,268,264,258,253,250,245,241,238,233,231,228,226,224,221,219,216,214,211,208,206,203,202,199,197,195,194,192,190,189,187,185,184,183,182,179,178,177,175,172,171,170,168,166,165,163,161,161,160,160,160,160,160,160,160,160,160,160,160,160,160,160,160,160,160,160,160,163,163,163,164,164,165,165,165,166,166,166,168,168,168,168,168,169,169,169,169,170,170,170,170,170,171,171,173,174,177,178,183,189,197,209,216,227,229,229,229,229,231,231,231,231,231,230,229,229,228,227,225,224,223,221,220,218,217,217,214,214,213,213,212,210,210,209,208,207,206,205,204,204,203,201,201,201,201,201,201,201,201,201,201,201,201,201,201,201,201,201,201,201,201,201,195,193,192,190,188,187,186,185,184,183,182,181,180,179,178,177,176,176,176,178,179,181,183,185,186,188,189
200324102645,excitement,21,Male,Student,Expert,fear,Yes,27577,fear,921,920,916,912,907,900,895,892,888,886,881,872,862,852,839,829,820,811,809,808,807,804,803,802,801,801,801,801,801,801,801,801,803,813,822,839,850,855,863,885,930,976,1028,1074,1101,1115,1124,1150,1178,1192,1202,1207,1221,1256,1314,1384,1444,1486,1504,1507,1508,1508,1397,1370,1343,1317,1282,1240,1192,1144,1100,1055,1062,1094,1116,1132,1147,1160,1162,1158,1152,1119,1067,1001,925,849,787,751,743,741,715,685,666,652,648,644,642,921,920,916,912,907,900,895,892,888,886,881,872,862,852,839,829,820,811,809,808,807,804,803,802,801,801,801,801,801,801,801,801,803,813,822,839,850,855,863,885,930,976,1028,1074,1101,1115,1124,1150,1178,1192,1202,1207,1221,1256,1314,1384,1444,1486,1504,1507,1508,1508,1397,1370,1343,1317,1282,1240,1192,1144,1100,1055,1062,1094,1116,1132,1147,1160,1162,1158,1152,1119,1067,1001,925,849,787,751,743,741,715,685,666,652,648,644,642,-11,1,10,20,31,50,67,82,97,114,132,159,185,207,228,247,261,274,277,278,281,290,295,297,298,304,324,347,367,386,403,426,450,481,507,536,551,556,562,574,582,592,598,608,616,624,628,643,659,668,675,676,679,679,679,679,687,691,696,697,698,700,686,671,654,637,617,593,565,539,515,507,500,478,470,463,456,450,449,449,449,449,449,449,455,465,475,479,480,480,480,480,480,480,480,482,483,711,699,690,680,669,650,633,618,603,586,568,541,515,493,472,453,439,426,423,422,419,410,405,403,402,396,376,353,333,314,297,274,250,219,193,164,149,144,138,126,118,108,102,92,84,76,72,57,41,32,25,24,21,21,21,21,13,9,4,3,2,0,14,29,46,63,83,107,135,161,185,193,200,222,230,237,244,250,251,251,251,251,251,251,245,235,225,221,220,220,220,220,220,220,220,218,217
200324102723,contentment,22,Male,Student,Expert,awe,No,2406,amusement,907,898,882,860,839,819,801,785,773,764,758,754,753,753,748,742,731,719,709,700,694,690,686,684,682,680,679,678,678,677,677,676,676,676,676,672,669,665,661,658,655,652,650,649,647,646,646,645,644,644,644,643,643,643,643,643,643,643,643,644,645,647,650,655,666,691,771,812,852,893,932,966,995,1017,1036,1051,1063,1071,1077,1082,1087,1090,1094,1101,1110,1121,1133,1143,1152,1158,1162,1165,1168,1169,1171,1172,1173,1174,1174,1175,1175,1176,1176,1176,1176,1176,1176,1177,1177,1178,1179,1180,1181,1181,1183,1183,1183,1184,907,898,882,860,839,819,801,785,773,764,758,754,753,753,748,742,731,719,709,700,694,690,686,684,682,680,679,678,678,677,677,676,676,676,676,672,669,665,661,658,655,652,650,649,647,646,646,645,644,644,644,643,643,643,643,643,643,643,643,644,645,647,650,655,666,691,771,812,852,893,932,966,995,1017,1036,1051,1063,1071,1077,1082,1087,1090,1094,1101,1110,1121,1133,1143,1152,1158,1162,1165,1168,1169,1171,1172,1173,1174,1174,1175,1175,1176,1176,1176,1176,1176,1176,1177,1177,1178,1179,1180,1181,1181,1183,1183,1183,1184,-54,-47,-33,-10,17,45,74,103,129,152,171,188,201,214,222,235,255,279,300,317,331,342,350,356,361,366,369,371,373,375,376,377,379,380,381,386,393,400,408,415,421,427,432,437,441,444,446,448,450,451,452,454,455,455,456,457,457,457,458,459,460,461,463,467,472,482,504,510,513,512,508,502,494,487,480,473,467,463,460,457,454,451,454,459,465,472,478,482,485,488,489,489,490,490,490,490,490,490,490,490,490,491,491,491,492,492,492,493,494,495,496,497,498,499,500,501,501,502,754,747,733,710,683,655,626,597,571,548,529,512,499,486,478,465,445,421,400,383,369,358,350,344,339,334,331,329,327,325,324,323,321,320,319,314,307,300,292,285,279,273,268,263,259,256,254,252,250,249,248,246,245,245,244,243,243,243,242,241,240,239,237,233,228,218,196,190,187,188,192,198,206,213,220,227,233,237,240,243,246,249,246,241,235,228,222,218,215,212,211,211,210,210,210,210,210,210,210,210,210,209,209,209,208,208,208,207,206,205,204,203,202,201,200,199,199,198
200324102645,excitement,21,Male,Student,Expert,fear,No,2807,contentment,954,959,966,973,975,978,980,984,985,990,992,993,995,996,996,996,996,996,996,996,996,995,995,994,993,988,987,986,986,985,984,984,984,984,984,985,986,986,986,986,985,982,978,968,957,950,940,926,907,895,889,884,882,877,869,853,821,781,733,683,637,589,547,519,499,489,486,484,484,484,484,484,486,493,501,516,533,557,587,619,653,687,723,765,795,827,857,885,907,927,933,939,942,943,946,947,948,950,953,958,962,968,972,979,984,989,995,997,1001,1006,1010,1014,1019,1026,1032,1043,1054,1067,1079,1090,1103,1110,1117,1120,1121,1122,1123,1127,1131,1137,1145,1154,1164,1171,1179,1186,1188,1191,1193,1194,1197,1199,1200,1202,1203,954,959,966,973,975,978,980,984,985,990,992,993,995,996,996,996,996,996,996,996,996,995,995,994,993,988,987,986,986,985,984,984,984,984,984,985,986,986,986,986,985,982,978,968,957,950,940,926,907,895,889,884,882,877,869,853,821,781,733,683,637,589,547,519,499,489,486,484,484,484,484,484,486,493,501,516,533,557,587,619,653,687,723,765,795,827,857,885,907,927,933,939,942,943,946,947,948,950,953,958,962,968,972,979,984,989,995,997,1001,1006,1010,1014,1019,1026,1032,1043,1054,1067,1079,1090,1103,1110,1117,1120,1121,1122,1123,1127,1131,1137,1145,1154,1164,1171,1179,1186,1188,1191,1193,1194,1197,1199,1200,1202,1203,-81,-63,-49,-34,-29,-20,-11,-3,6,16,28,37,42,47,49,54,64,76,93,101,105,106,108,114,122,132,138,140,142,144,150,172,189,201,215,221,230,236,241,244,245,245,245,245,245,245,245,246,249,253,255,258,259,260,264,267,271,271,271,265,259,251,251,255,261,266,270,275,279,285,291,295,300,306,313,320,326,334,342,346,352,356,362,366,370,374,380,384,386,392,393,393,394,394,396,396,396,396,396,399,400,402,402,405,406,408,411,412,415,417,421,423,427,429,433,439,443,448,449,452,457,459,460,461,462,462,462,463,463,464,466,468,470,471,473,477,478,479,481,483,484,486,487,490,491,781,763,749,734,729,720,711,703,694,684,672,663,658,653,651,646,636,624,607,599,595,594,592,586,578,568,562,560,558,556,550,528,511,499,485,479,470,464,459,456,455,455,455,455,455,455,455,454,451,447,445,442,441,440,436,433,429,429,429,435,441,449,449,445,439,434,430,425,421,415,409,405,400,394,387,380,374,366,358,354,348,344,338,334,330,326,320,316,314,308,307,307,306,306,304,304,304,304,304,301,300,298,298,295,294,292,289,288,285,283,279,277,273,271,267,261,257,252,251,248,243,241,240,239,238,238,238,237,237,236,234,232,230,229,227,223,222,221,219,217,216,214,213,210,209
200324102723,contentment,22,Male,Student,Expert,amusement,No,14649,excitement,939,923,894,863,832,798,757,714,678,649,628,613,603,598,598,600,607,614,623,643,654,665,676,688,701,714,726,739,751,763,772,781,789,796,802,807,813,820,829,838,846,854,860,864,868,871,874,876,878,881,883,886,889,893,896,901,906,910,915,920,924,928,932,936,939,941,943,945,946,948,949,950,950,951,951,951,950,948,944,937,926,911,890,864,835,808,781,755,733,716,702,692,686,676,674,672,671,670,669,669,668,668,668,668,668,668,668,668,668,668,668,668,668,668,668,668,668,668,668,670,671,671,671,671,671,672,673,674,676,679,684,690,698,708,719,731,743,755,766,779,792,806,821,838,855,873,891,909,927,944,960,975,989,1000,1008,1016,1023,1030,1035,1040,1049,1052,1053,1057,1058,1059,1062,1064,1066,1068,1070,1072,1074,1076,1078,1080,1081,1083,1084,1085,1086,1087,1088,1089,1090,1090,1091,1091,1091,1092,1092,1092,1091,1091,1091,1091,1092,1092,1093,1094,1096,1097,1099,1101,1103,1106,1110,1115,1121,1129,1137,1145,1153,1160,1168,1176,1183,1190,1196,1201,1206,1209,1212,1215,1217,1219,1220,1222,1223,1224,1224,1225,1225,1225,1225,1224,1223,1223,1226,1229,1234,1240,1260,1294,1336,1384,1424,1458,1486,1508,1528,1544,1554,1560,1562,1562,1554,1538,1524,1502,1474,1440,1408,1374,1340,1306,1270,1236,1206,1182,1158,1144,1136,1134,1134,1136,1152,1172,1202,1238,1280,1326,1372,1414,1448,1484,1512,1536,1554,1560,1562,1562,1562,1561,1558,1554,1546,1532,1516,1499,1480,1462,1444,1428,1410,1401,1394,1386,1382,1380,1378,1378,1377,1377,1377,1376,1376,1375,1374,1371,1364,1344,1320,1292,1262,1236,1204,1174,1144,1114,1088,1064,1045,1028,1018,1012,1005,1000,997,994,992,989,987,984,980,977,973,968,962,956,948,940,928,918,910,898,890,882,877,874,872,871,870,867,864,859,853,848,841,835,827,818,811,799,790,780,767,756,743,734,728,724,722,721,719,718,717,716,713,709,706,696,685,678,656,647,643,639,637,638,649,667,689,715,745,775,839,871,903,935,963,991,1021,1053,1083,1113,1137,1159,1174,1183,1190,1195,1197,1199,1200,1201,1202,1204,1205,1209,1211,1213,1215,1217,1218,1220,1221,1227,1231,1239,1247,1251,1252,1252,1253,1254,1255,939,923,894,863,832,798,757,714,678,649,628,613,603,598,598,600,607,614,623,643,654,665,676,688,701,714,726,739,751,763,772,781,789,796,802,807,813,820,829,838,846,854,860,864,868,871,874,876,878,881,883,886,889,893,896,901,906,910,915,920,924,928,932,936,939,941,943,945,946,948,949,950,950,951,951,951,950,948,944,937,926,911,890,864,835,808,781,755,733,716,702,692,686,676,674,672,671,670,669,669,668,668,668,668,668,668,668,668,668,668,668,668,668,668,668,668,668,668,668,670,671,671,671,671,671,672,673,674,676,679,684,690,698,708,719,731,743,755,766,779,792,806,821,838,855,873,891,909,927,944,960,975,989,1000,1008,1016,1023,1030,1035,1040,1049,1052,1053,1057,1058,1059,1062,1064,1066,1068,1070,1072,1074,1076,1078,1080,1081,1083,1084,1085,1086,1087,1088,1089,1090,1090,1091,1091,1091,1092,1092,1092,1091,1091,1091,1091,1092,1092,1093,1094,1096,1097,1099,1101,1103,1106,1110,1115,1121,1129,1137,1145,1153,1160,1168,1176,1183,1190,1196,1201,1206,1209,1212,1215,1217,1219,1220,1222,1223,1224,1224,1225,1225,1225,1225,1224,1223,1223,1226,1229,1234,1240,1260,1294,1336,1384,1424,1458,1486,1508,1528,1544,1554,1560,1562,1562,1554,1538,1524,1502,1474,1440,1408,1374,1340,1306,1270,1236,1206,1182,1158,1144,1136,1134,1134,1136,1152,1172,1202,1238,1280,1326,1372,1414,1448,1484,1512,1536,1554,1560,1562,1562,1562,1561,1558,1554,1546,1532,1516,1499,1480,1462,1444,1428,1410,1401,1394,1386,1382,1380,1378,1378,1377,1377,1377,1376,1376,1375,1374,1371,1364,1344,1320,1292,1262,1236,1204,1174,1144,1114,1088,1064,1045,1028,1018,1012,1005,1000,997,994,992,989,987,984,980,977,973,968,962,956,948,940,928,918,910,898,890,882,877,874,872,871,870,867,864,859,853,848,841,835,827,818,811,799,790,780,767,756,743,734,728,724,722,721,719,718,717,716,713,709,706,696,685,678,656,647,643,639,637,638,649,667,689,715,745,775,839,871,903,935,963,991,1021,1053,1083,1113,1137,1159,1174,1183,1190,1195,1197,1199,1200,1201,1202,1204,1205,1209,1211,1213,1215,1217,1218,1220,1221,1227,1231,1239,1247,1251,1252,1252,1253,1254,1255,-76,-65,-44,-19,7,37,78,125,168,209,245,278,307,333,357,380,384,389,394,405,411,416,421,427,433,438,443,447,450,452,453,453,453,452,450,449,452,456,461,465,469,473,475,477,479,480,482,483,483,484,485,485,485,485,485,485,484,483,482,481,481,480,480,479,479,479,480,480,480,481,481,481,482,483,483,484,485,486,488,490,492,494,496,497,497,497,496,494,493,493,492,491,491,490,490,490,489,489,489,489,489,489,489,490,490,490,491,491,491,491,491,491,492,492,492,492,492,492,493,496,497,497,497,497,497,498,498,499,500,501,504,507,512,517,523,529,535,540,545,549,553,556,558,561,563,563,563,562,561,558,555,553,550,547,545,544,542,541,539,537,533,530,534,545,551,554,555,555,556,557,557,558,559,559,559,560,560,560,561,561,561,562,562,562,562,562,562,562,563,563,563,563,563,563,563,564,565,566,567,569,571,572,573,575,577,579,581,583,585,588,590,592,594,596,597,598,599,600,600,600,600,600,600,600,600,600,600,600,600,600,600,600,600,600,600,599,597,596,599,599,602,602,602,590,570,546,520,490,454,418,380,334,298,260,224,192,164,134,114,100,90,84,84,88,100,120,148,176,212,248,288,316,346,368,388,405,420,430,440,440,440,440,438,430,420,410,402,396,388,385,383,381,380,379,377,377,377,377,377,383,392,402,412,426,440,449,457,464,468,471,473,475,477,479,481,483,485,486,488,488,488,488,488,488,488,488,488,488,484,482,478,472,472,470,470,469,466,466,466,465,465,465,464,464,464,464,464,464,464,464,464,464,464,467,469,469,470,472,472,474,475,475,476,479,486,492,497,503,508,514,516,521,524,527,528,528,528,528,528,528,528,527,527,526,526,526,525,525,524,522,520,516,512,508,499,492,491,490,490,490,490,490,494,496,500,506,514,518,520,520,520,520,520,520,520,520,520,520,520,520,523,524,524,524,524,524,524,524,525,527,529,529,531,532,533,532,531,528,525,519,512,504,501,499,496,494,493,776,765,744,719,693,663,622,575,532,491,455,422,393,367,343,320,316,311,306,295,289,284,279,273,267,262,257,253,250,248,247,247,247,248,250,251,248,244,239,235,231,227,225,223,221,220,218,217,217,216,215,215,215,215,215,215,216,217,218,219,219,220,220,221,221,221,220,220,220,219,219,219,218,217,217,216,215,214,212,210,208,206,204,203,203,203,204,206,207,207,208,209,209,210,210,210,211,211,211,211,211,211,211,210,210,210,209,209,209,209,209,209,208,208,208,208,208,208,207,204,203,203,203,203,203,202,202,201,200,199,196,193,188,183,177,171,165,160,155,151,147,144,142,139,137,137,137,138,139,142,145,147,150,153,155,156,158,159,161,163,167,170,166,155,149,146,145,145,144,143,143,142,141,141,141,140,140,140,139,139,139,138,138,138,138,138,138,138,137,137,137,137,137,137,137,136,135,134,133,131,129,128,127,125,123,121,119,117,115,112,110,108,106,104,103,102,101,100,100,100,100,100,100,100,100,100,100,100,100,100,100,100,100,100,100,101,103,104,101,101,98,98,98,110,130,154,180,210,246,282,320,366,402,440,476,508,536,566,586,600,610,616,616,612,600,580,552,524,488,452,412,384,354,332,312,295,280,270,260,260,260,260,262,270,280,290,298,304,312,315,317,319,320,321,323,323,323,323,323,317,308,298,288,274,260,251,243,236,232,229,227,225,223,221,219,217,215,214,212,212,212,212,212,212,212,212,212,212,216,218,222,228,228,230,230,231,234,234,234,235,235,235,236,236,236,236,236,236,236,236,236,236,236,233,231,231,230,228,228,226,225,225,224,221,214,208,203,197,192,186,184,179,176,173,172,172,172,172,172,172,172,173,173,174,174,174,175,175,176,178,180,184,188,192,201,208,209,210,210,210,210,210,206,204,200,194,186,182,180,180,180,180,180,180,180,180,180,180,180,180,177,176,176,176,176,176,176,176,175,173,171,171,169,168,167,168,169,172,175,181,188,196,199,201,204,206,207
200324102751,contentment,21,Male,Student,Expert,sadness,Yes,4608,sadness,912,914,918,920,922,924,928,932,934,935,937,940,944,947,950,953,957,963,969,975,979,985,988,992,996,999,1004,1005,1008,1011,1012,1015,1015,1020,1021,1026,1028,1028,1029,1031,1031,1034,1035,1035,1036,1037,1037,1037,1038,1039,1040,1040,1040,1040,1041,1041,1041,1041,1041,1041,1041,1041,1037,1034,1027,1022,1019,1016,1012,1008,1004,1002,1000,999,1002,1017,1055,1099,1147,1191,1227,1257,1279,1299,1310,1324,1336,1344,1348,1355,1356,1356,1355,1350,1345,1339,1330,1315,1298,1275,1253,1229,1205,1181,1157,1135,1113,1091,1069,1051,1033,1011,991,965,939,913,891,874,862,853,843,832,823,809,799,785,766,744,718,696,674,652,628,608,591,577,564,555,546,540,533,529,526,522,524,530,547,573,599,627,655,679,703,718,734,744,751,756,760,762,766,769,772,778,784,790,798,809,819,828,836,843,849,853,857,860,862,865,866,868,870,872,875,878,880,883,886,890,894,896,899,901,902,905,907,909,912,913,916,918,919,922,924,927,928,930,932,934,937,939,944,946,948,952,955,959,965,968,972,976,980,984,986,991,993,995,996,998,1000,1002,1003,1006,1008,1011,1012,1015,1017,1016,1017,1021,1027,1033,1040,1046,1054,1064,1075,1084,1094,1105,1118,1129,1138,1148,1155,1161,1165,1169,1172,1175,1178,1180,1182,1184,1185,1188,1187,1186,1183,1181,1176,1172,1167,1162,1156,1150,1142,1132,1119,1108,1093,1079,1066,1054,1044,1035,1028,1012,996,977,957,938,919,899,880,863,844,832,817,803,792,779,768,744,731,717,706,696,687,677,668,661,655,649,644,642,641,639,638,637,637,637,637,637,637,637,637,637,637,637,637,637,637,637,637,638,639,640,641,642,643,644,645,646,647,648,649,650,650,912,914,918,920,922,924,928,932,934,935,937,940,944,947,950,953,957,963,969,975,979,985,988,992,996,999,1004,1005,1008,1011,1012,1015,1015,1020,1021,1026,1028,1028,1029,1031,1031,1034,1035,1035,1036,1037,1037,1037,1038,1039,1040,1040,1040,1040,1041,1041,1041,1041,1041,1041,1041,1041,1037,1034,1027,1022,1019,1016,1012,1008,1004,1002,1000,999,1002,1017,1055,1099,1147,1191,1227,1257,1279,1299,1310,1324,1336,1344,1348,1355,1356,1356,1355,1350,1345,1339,1330,1315,1298,1275,1253,1229,1205,1181,1157,1135,1113,1091,1069,1051,1033,1011,991,965,939,913,891,874,862,853,843,832,823,809,799,785,766,744,718,696,674,652,628,608,591,577,564,555,546,540,533,529,526,522,524,530,547,573,599,627,655,679,703,718,734,744,751,756,760,762,766,769,772,778,784,790,798,809,819,828,836,843,849,853,857,860,862,865,866,868,870,872,875,878,880,883,886,890,894,896,899,901,902,905,907,909,912,913,916,918,919,922,924,927,928,930,932,934,937,939,944,946,948,952,955,959,965,968,972,976,980,984,986,991,993,995,996,998,1000,1002,1003,1006,1008,1011,1012,1015,1017,1016,1017,1021,1027,1033,1040,1046,1054,1064,1075,1084,1094,1105,1118,1129,1138,1148,1155,1161,1165,1169,1172,1175,1178,1180,1182,1184,1185,1188,1187,1186,1183,1181,1176,1172,1167,1162,1156,1150,1142,1132,1119,1108,1093,1079,1066,1054,1044,1035,1028,1012,996,977,957,938,919,899,880,863,844,832,817,803,792,779,768,744,731,717,706,696,687,677,668,661,655,649,644,642,641,639,638,637,637,637,637,637,637,637,637,637,637,637,637,637,637,637,637,638,639,640,641,642,643,644,645,646,647,648,649,650,650,-34,-33,-31,-30,-28,-27,-26,-23,-22,-21,-19,-17,-15,-12,-9,-6,-2,4,12,21,26,33,40,47,57,66,77,84,92,104,114,122,134,144,154,167,179,192,201,209,219,226,235,240,245,249,252,253,255,256,258,259,262,266,268,273,278,287,300,311,322,330,339,354,364,373,380,385,390,394,396,397,398,398,399,402,406,408,408,416,418,424,426,432,435,440,443,446,449,451,452,453,455,458,462,467,472,477,482,488,494,496,500,502,502,502,502,502,502,502,502,502,502,502,506,510,514,514,516,519,520,520,522,522,523,526,528,528,530,530,532,538,538,538,540,542,545,547,547,548,549,549,549,552,552,553,554,560,560,560,562,566,566,570,572,575,578,578,578,578,578,578,578,578,578,578,576,575,573,573,571,571,571,571,570,570,570,569,569,569,569,569,569,568,568,566,566,566,564,564,563,563,563,562,562,560,560,559,559,558,558,557,557,556,555,554,554,554,553,552,550,550,549,548,548,547,546,545,543,543,542,539,539,539,538,538,538,538,538,537,537,536,536,536,536,536,534,533,533,532,532,529,529,528,527,527,525,522,521,519,519,518,515,513,513,512,512,511,511,511,509,509,509,508,508,507,506,506,506,506,504,504,503,503,501,501,500,500,497,497,497,497,497,497,495,495,495,494,494,492,488,488,486,486,486,486,484,484,484,484,483,479,478,476,471,469,469,468,466,464,464,462,461,461,461,461,461,461,461,461,462,463,465,467,468,469,471,472,473,474,476,477,478,479,481,483,484,485,486,487,487,488,488,489,489,490,491,492,492,734,733,731,730,728,727,726,723,722,721,719,717,715,712,709,706,702,696,688,679,674,667,660,653,643,634,623,616,608,596,586,578,566,556,546,533,521,508,499,491,481,474,465,460,455,451,448,447,445,444,442,441,438,434,432,427,422,413,400,389,378,370,361,346,336,327,320,315,310,306,304,303,302,302,301,298,294,292,292,284,282,276,274,268,265,260,257,254,251,249,248,247,245,242,238,233,228,223,218,212,206,204,200,198,198,198,198,198,198,198,198,198,198,198,194,190,186,186,184,181,180,180,178,178,177,174,172,172,170,170,168,162,162,162,160,158,155,153,153,152,151,151,151,148,148,147,146,140,140,140,138,134,134,130,128,125,122,122,122,122,122,122,122,122,122,122,124,125,127,127,129,129,129,129,130,130,130,131,131,131,131,131,131,132,132,134,134,134,136,136,137,137,137,138,138,140,140,141,141,142,142,143,143,144,145,146,146,146,147,148,150,150,151,152,152,153,154,155,157,157,158,161,161,161,162,162,162,162,162,163,163,164,164,164,164,164,166,167,167,168,168,171,171,172,173,173,175,178,179,181,181,182,185,187,187,188,188,189,189,189,191,191,191,192,192,193,194,194,194,194,196,196,197,197,199,199,200,200,203,203,203,203,203,203,205,205,205,206,206,208,212,212,214,214,214,214,216,216,216,216,217,221,222,224,229,231,231,232,234,236,236,238,239,239,239,239,239,239,239,239,238,237,235,233,232,231,229,228,227,226,224,223,222,221,219,217,216,215,214,213,213,212,212,211,211,210,209,208,208
200324102723,contentment,22,Male,Student,Expert,contentment,No,2096,excitement,944,943,940,939,937,932,928,922,913,900,888,876,862,846,834,818,808,796,786,776,767,760,756,753,750,748,746,746,744,743,743,742,740,740,739,738,738,738,737,736,735,735,735,733,733,733,732,730,728,727,727,723,720,718,716,711,710,708,706,704,703,701,700,699,698,696,695,695,693,693,690,689,688,687,686,685,685,685,685,685,686,687,688,688,689,689,689,691,692,694,695,698,700,701,704,707,712,719,724,732,738,744,751,762,771,780,796,820,846,876,912,948,986,1034,1076,1116,1154,1194,1226,1254,1282,1302,1314,1321,1324,944,943,940,939,937,932,928,922,913,900,888,876,862,846,834,818,808,796,786,776,767,760,756,753,750,748,746,746,744,743,743,742,740,740,739,738,738,738,737,736,735,735,735,733,733,733,732,730,728,727,727,723,720,718,716,711,710,708,706,704,703,701,700,699,698,696,695,695,693,693,690,689,688,687,686,685,685,685,685,685,686,687,688,688,689,689,689,691,692,694,695,698,700,701,704,707,712,719,724,732,738,744,751,762,771,780,796,820,846,876,912,948,986,1034,1076,1116,1154,1194,1226,1254,1282,1302,1314,1321,1324,-76,-72,-69,-65,-60,-51,-38,-25,-10,13,41,67,95,119,139,163,179,199,219,232,249,264,276,289,300,309,316,324,329,333,337,340,344,345,349,351,352,353,354,356,357,359,361,364,367,369,372,375,379,384,386,392,398,403,410,418,422,424,427,429,431,433,434,435,437,439,440,442,445,448,452,454,456,458,459,460,461,461,462,463,465,467,468,470,471,472,473,474,475,477,478,481,482,482,483,484,484,484,484,484,484,484,484,484,484,484,484,484,484,484,484,484,484,484,484,484,484,484,484,484,484,484,484,484,484,776,772,769,765,760,751,738,725,710,687,659,633,605,581,561,537,521,501,481,468,451,436,424,411,400,391,384,376,371,367,363,360,356,355,351,349,348,347,346,344,343,341,339,336,333,331,328,325,321,316,314,308,302,297,290,282,278,276,273,271,269,267,266,265,263,261,260,258,255,252,248,246,244,242,241,240,239,239,238,237,235,233,232,230,229,228,227,226,225,223,222,219,218,218,217,216,216,216,216,216,216,216,216,216,216,216,216,216,216,216,216,216,216,216,216,216,216,216,216,216,216,216,216,216,216
200324102645,excitement,21,Male,Student,Expert,anger,No,10566,sadness,958,962,972,984,996,1002,1008,1012,1016,1019,1022,1025,1028,1034,1043,1055,1069,1078,1090,1106,1131,1169,1211,1247,1272,1294,1312,1334,1368,1404,1436,1482,1510,1534,1336,1320,1308,1294,1283,1276,1268,1265,1261,1256,1254,1250,1246,1235,1225,1210,1195,1179,1162,1147,1135,1126,1117,1107,1101,1095,1086,1080,1074,1071,1068,1064,1063,1059,1053,1049,1043,1040,1038,1035,1031,1027,1023,1018,1011,1006,1001,995,988,983,980,979,984,1000,1026,1060,1102,1148,1192,1240,1381,1377,1371,1357,1333,1307,1277,1243,1209,1175,1137,1095,1057,1033,1003,977,955,940,931,925,922,922,922,925,934,1158,1161,1160,1158,1155,1153,1149,1148,1146,1144,1143,1141,1141,1140,1140,1140,1143,1149,1152,1155,1156,1156,1157,1158,1158,1162,1162,1163,1163,1164,1164,1164,1164,1164,1164,1163,1161,1159,1158,1157,1156,1154,1154,1154,1154,1154,1154,1154,1154,1154,1154,1154,1154,1154,1154,1154,1156,1156,1156,1157,1157,1158,1158,1158,1159,1159,1161,1162,1163,1165,1168,1169,1171,1172,1172,1172,1173,1173,1174,1178,1178,1179,1179,1179,1180,1183,1187,1191,1194,1195,1196,1197,1200,1202,1206,1209,1212,1218,1225,1241,1248,1250,1251,1246,1232,1136,1066,986,924,864,827,805,794,783,771,747,712,665,645,636,631,627,624,622,620,619,618,616,613,611,609,609,609,611,614,615,616,620,632,688,764,836,900,956,1004,1052,1098,1134,1142,1150,1168,1178,1180,1180,1180,1182,1183,1183,1184,958,962,972,984,996,1002,1008,1012,1016,1019,1022,1025,1028,1034,1043,1055,1069,1078,1090,1106,1131,1169,1211,1247,1272,1294,1312,1334,1368,1404,1436,1482,1510,1534,1336,1320,1308,1294,1283,1276,1268,1265,1261,1256,1254,1250,1246,1235,1225,1210,1195,1179,1162,1147,1135,1126,1117,1107,1101,1095,1086,1080,1074,1071,1068,1064,1063,1059,1053,1049,1043,1040,1038,1035,1031,1027,1023,1018,1011,1006,1001,995,988,983,980,979,984,1000,1026,1060,1102,1148,1192,1240,1381,1377,1371,1357,1333,1307,1277,1243,1209,1175,1137,1095,1057,1033,1003,977,955,940,931,925,922,922,922,925,934,1158,1161,1160,1158,1155,1153,1149,1148,1146,1144,1143,1141,1141,1140,1140,1140,1143,1149,1152,1155,1156,1156,1157,1158,1158,1162,1162,1163,1163,1164,1164,1164,1164,1164,1164,1163,1161,1159,1158,1157,1156,1154,1154,1154,1154,1154,1154,1154,1154,1154,1154,1154,1154,1154,1154,1154,1156,1156,1156,1157,1157,1158,1158,1158,1159,1159,1161,1162,1163,1165,1168,1169,1171,1172,1172,1172,1173,1173,1174,1178,1178,1179,1179,1179,1180,1183,1187,1191,1194,1195,1196,1197,1200,1202,1206,1209,1212,1218,1225,1241,1248,1250,1251,1246,1232,1136,1066,986,924,864,827,805,794,783,771,747,712,665,645,636,631,627,624,622,620,619,618,616,613,611,609,609,609,611,614,615,616,620,632,688,764,836,900,956,1004,1052,1098,1134,1142,1150,1168,1178,1180,1180,1180,1182,1183,1183,1184,-19,-13,4,21,34,43,51,59,65,69,72,76,82,89,103,119,138,149,163,179,210,254,292,322,344,362,379,407,445,489,535,601,643,689,697,687,679,672,666,664,659,657,655,652,650,647,644,636,630,619,607,595,585,573,566,558,552,546,543,539,535,533,530,529,528,526,525,524,521,520,519,519,518,518,516,515,514,513,510,510,509,509,509,509,509,509,520,544,570,596,626,652,678,700,697,696,695,695,695,695,695,695,695,691,687,681,681,681,681,681,681,681,681,681,681,683,686,690,698,696,694,691,687,682,678,674,672,670,667,666,664,663,662,659,653,646,636,632,629,627,625,622,616,611,605,599,594,590,586,583,581,579,578,578,576,575,573,572,568,567,566,565,563,560,557,555,552,550,547,543,540,538,535,533,532,530,529,527,524,523,522,520,519,518,517,515,512,511,507,503,500,497,494,492,490,488,483,476,469,462,458,457,456,456,457,461,464,467,469,470,470,470,470,471,473,474,476,482,491,495,496,496,496,496,494,502,512,524,540,550,555,559,560,560,560,560,560,560,560,559,557,556,556,556,556,556,554,552,549,540,531,522,513,505,503,501,501,501,501,501,501,501,507,509,509,509,509,509,502,484,477,476,478,485,496,502,504,505,719,713,696,679,666,657,649,641,635,631,628,624,618,611,597,581,562,551,537,521,490,446,408,378,356,338,321,293,255,211,165,99,57,11,3,13,21,28,34,36,41,43,45,48,50,53,56,64,70,81,93,105,115,127,134,142,148,154,157,161,165,167,170,171,172,174,175,176,179,180,181,181,182,182,184,185,186,187,190,190,191,191,191,191,191,191,180,156,130,104,74,48,22,0,3,4,5,5,5,5,5,5,5,9,13,19,19,19,19,19,19,19,19,19,19,17,14,10,2,4,6,9,13,18,22,26,28,30,33,34,36,37,38,41,47,54,64,68,71,73,75,78,84,89,95,101,106,110,114,117,119,121,122,122,124,125,127,128,132,133,134,135,137,140,143,145,148,150,153,157,160,162,165,167,168,170,171,173,176,177,178,180,181,182,183,185,188,189,193,197,200,203,206,208,210,212,217,224,231,238,242,243,244,244,243,239,236,233,231,230,230,230,230,229,227,226,224,218,209,205,204,204,204,204,206,198,188,176,160,150,145,141,140,140,140,140,140,140,140,141,143,144,144,144,144,144,146,148,151,160,169,178,187,195,197,199,199,199,199,199,199,199,193,191,191,191,191,191,198,216,223,224,222,215,204,198,196,195
200324102751,contentment,21,Male,Student,Expert,disgust,Yes,5074,disgust,944,944,944,944,944,944,943,943,940,939,938,934,931,929,925,921,913,903,893,883,871,861,855,847,843,837,837,836,834,834,834,834,834,830,826,824,822,819,818,818,816,814,812,808,805,798,787,774,758,741,720,698,672,650,626,602,578,558,541,527,518,513,510,507,506,505,505,506,509,512,516,521,528,533,542,551,558,566,574,581,591,599,608,618,631,644,655,666,676,683,689,696,702,722,733,746,763,783,805,822,836,852,866,879,890,905,922,938,962,984,1012,1042,1072,1096,1122,1144,1164,1178,1190,1198,1205,1211,1216,1221,1224,1228,1232,1240,1246,1252,1259,1265,1270,1276,1281,1285,1289,1293,1296,1300,1305,1307,1309,1311,1311,1312,1314,1314,1314,1313,1309,1302,1287,1266,1236,1206,1174,1140,1108,1076,1042,1008,974,936,902,868,836,810,786,766,747,733,721,713,706,700,695,691,685,683,680,676,673,669,665,661,656,650,645,641,638,636,635,632,630,629,628,626,625,625,944,944,944,944,944,944,943,943,940,939,938,934,931,929,925,921,913,903,893,883,871,861,855,847,843,837,837,836,834,834,834,834,834,830,826,824,822,819,818,818,816,814,812,808,805,798,787,774,758,741,720,698,672,650,626,602,578,558,541,527,518,513,510,507,506,505,505,506,509,512,516,521,528,533,542,551,558,566,574,581,591,599,608,618,631,644,655,666,676,683,689,696,702,722,733,746,763,783,805,822,836,852,866,879,890,905,922,938,962,984,1012,1042,1072,1096,1122,1144,1164,1178,1190,1198,1205,1211,1216,1221,1224,1228,1232,1240,1246,1252,1259,1265,1270,1276,1281,1285,1289,1293,1296,1300,1305,1307,1309,1311,1311,1312,1314,1314,1314,1313,1309,1302,1287,1266,1236,1206,1174,1140,1108,1076,1042,1008,974,936,902,868,836,810,786,766,747,733,721,713,706,700,695,691,685,683,680,676,673,669,665,661,656,650,645,641,638,636,635,632,630,629,628,626,625,625,-28,-27,-26,-23,-21,-18,-15,-11,-5,2,8,16,29,36,46,62,83,105,131,157,181,207,229,253,273,295,310,328,345,361,375,393,412,432,449,468,482,494,504,513,520,525,528,533,536,541,548,551,556,558,560,564,564,564,564,564,564,564,564,562,561,559,559,559,558,557,557,555,552,551,547,545,541,540,537,533,531,530,530,530,530,530,530,530,530,530,530,530,530,530,530,530,530,530,527,525,524,522,516,514,514,510,507,507,505,503,500,496,494,488,478,474,468,464,458,456,454,451,449,449,448,448,446,446,446,446,446,446,446,446,446,446,446,448,450,452,453,457,459,462,467,471,473,476,478,480,482,483,484,485,485,485,485,485,485,485,485,485,485,485,485,485,485,485,485,485,485,485,485,485,485,485,485,485,485,485,485,485,485,485,485,485,485,485,485,485,485,486,489,489,490,491,491,492,493,494,495,497,497,497,728,727,726,723,721,718,715,711,705,698,692,684,671,664,654,638,617,595,569,543,519,493,471,447,427,405,390,372,355,339,325,307,288,268,251,232,218,206,196,187,180,175,172,167,164,159,152,149,144,142,140,136,136,136,136,136,136,136,136,138,139,141,141,141,142,143,143,145,148,149,153,155,159,160,163,167,169,170,170,170,170,170,170,170,170,170,170,170,170,170,170,170,170,170,173,175,176,178,184,186,186,190,193,193,195,197,200,204,206,212,222,226,232,236,242,244,246,249,251,251,252,252,254,254,254,254,254,254,254,254,254,254,254,252,250,248,247,243,241,238,233,229,227,224,222,220,218,217,216,215,215,215,215,215,215,215,215,215,215,215,215,215,215,215,215,215,215,215,215,215,215,215,215,215,215,215,215,215,215,215,215,215,215,215,215,215,215,214,211,211,210,209,209,208,207,206,205,203,203,203
200324102723,contentment,22,Male,Student,Expert,excitement,Yes,2113,excitement,964,961,959,957,955,951,949,942,934,924,915,907,898,894,887,880,874,869,865,860,855,846,836,826,818,810,803,798,793,790,783,779,773,764,758,749,738,725,713,700,686,673,665,655,647,639,632,622,616,613,609,608,607,607,606,606,606,606,606,610,615,618,623,628,629,630,632,633,637,642,647,652,660,668,675,682,687,692,695,696,697,695,689,679,666,648,628,612,597,591,592,595,601,606,609,614,621,628,636,649,657,663,670,673,964,961,959,957,955,951,949,942,934,924,915,907,898,894,887,880,874,869,865,860,855,846,836,826,818,810,803,798,793,790,783,779,773,764,758,749,738,725,713,700,686,673,665,655,647,639,632,622,616,613,609,608,607,607,606,606,606,606,606,610,615,618,623,628,629,630,632,633,637,642,647,652,660,668,675,682,687,692,695,696,697,695,689,679,666,648,628,612,597,591,592,595,601,606,609,614,621,628,636,649,657,663,670,673,-63,-64,-66,-67,-67,-66,-58,-47,-33,-18,-6,5,16,24,30,34,39,45,48,57,68,84,108,130,150,168,182,196,206,215,228,236,246,256,262,275,286,297,306,314,325,335,341,351,361,372,387,401,411,417,423,427,429,431,432,434,436,437,441,447,451,453,456,459,460,461,463,466,472,477,484,489,498,504,510,516,520,522,522,523,524,522,517,505,492,478,466,452,445,442,446,449,455,463,466,471,477,481,487,492,493,495,497,498,763,764,766,767,767,766,758,747,733,718,706,695,684,676,670,666,661,655,652,643,632,616,592,570,550,532,518,504,494,485,472,464,454,444,438,425,414,403,394,386,375,365,359,349,339,328,313,299,289,283,277,273,271,269,268,266,264,263,259,253,249,247,244,241,240,239,237,234,228,223,216,211,202,196,190,184,180,178,178,177,176,178,183,195,208,222,234,248,255,258,254,251,245,237,234,229,223,219,213,208,207,205,203,202
200324102645,excitement,21,Male,Student,Expert,fear,Yes,2504,fear,941,943,949,957,963,964,964,964,964,964,964,964,964,964,964,962,960,959,957,957,957,960,967,982,1007,1046,1085,1127,1164,1193,1208,1219,1220,1224,1234,1242,1252,1259,1264,1261,1247,1191,1129,1071,1017,971,942,923,901,895,892,889,886,884,877,870,863,851,842,830,817,804,790,777,764,755,746,740,735,733,730,728,726,724,720,718,714,709,703,695,690,684,678,671,669,665,660,656,650,646,645,643,642,642,642,642,941,943,949,957,963,964,964,964,964,964,964,964,964,964,964,962,960,959,957,957,957,960,967,982,1007,1046,1085,1127,1164,1193,1208,1219,1220,1224,1234,1242,1252,1259,1264,1261,1247,1191,1129,1071,1017,971,942,923,901,895,892,889,886,884,877,870,863,851,842,830,817,804,790,777,764,755,746,740,735,733,730,728,726,724,720,718,714,709,703,695,690,684,678,671,669,665,660,656,650,646,645,643,642,642,642,642,2,43,91,133,163,180,189,207,228,261,274,284,301,315,326,337,357,369,376,380,383,388,394,402,415,424,434,446,458,473,478,482,482,482,482,482,481,478,477,477,477,477,477,485,493,493,493,490,477,475,473,471,470,469,464,462,460,460,460,460,460,460,460,460,460,460,460,460,460,460,460,460,460,460,460,460,461,461,462,463,466,467,468,471,473,476,479,484,490,495,499,504,506,510,511,512,698,657,609,567,537,520,511,493,472,439,426,416,399,385,374,363,343,331,324,320,317,312,306,298,285,276,266,254,242,227,222,218,218,218,218,218,219,222,223,223,223,223,223,215,207,207,207,210,223,225,227,229,230,231,236,238,240,240,240,240,240,240,240,240,240,240,240,240,240,240,240,240,240,240,240,240,239,239,238,237,234,233,232,229,227,224,221,216,210,205,201,196,194,190,189,188
200324102751,contentment,21,Male,Student,Expert,awe,Yes,3431,contentment,951,951,949,948,946,943,942,939,938,936,935,931,927,926,926,920,912,901,897,895,901,920,946,966,983,995,1004,1013,1016,1020,1020,1020,1020,1014,1014,1013,1010,1006,1006,1006,1006,1006,1006,1006,1006,1006,1006,1006,1010,1012,1014,1014,1014,1014,1014,1020,1023,1031,1040,1050,1057,1063,1069,1076,1085,1103,1131,1161,1195,1235,1271,1305,1341,1371,1397,1423,1440,1452,1458,1460,1460,1460,1460,1459,1453,1448,1443,1440,1437,1431,1428,1421,1415,1406,1399,1393,1386,1378,1371,1363,1348,1329,1308,1282,1258,1228,1194,1158,1118,1080,1040,1000,960,926,894,866,836,808,784,760,740,725,714,707,701,699,696,695,694,691,686,679,671,663,656,652,647,641,637,632,627,621,616,612,609,607,606,605,603,951,951,949,948,946,943,942,939,938,936,935,931,927,926,926,920,912,901,897,895,901,920,946,966,983,995,1004,1013,1016,1020,1020,1020,1020,1014,1014,1013,1010,1006,1006,1006,1006,1006,1006,1006,1006,1006,1006,1006,1010,1012,1014,1014,1014,1014,1014,1020,1023,1031,1040,1050,1057,1063,1069,1076,1085,1103,1131,1161,1195,1235,1271,1305,1341,1371,1397,1423,1440,1452,1458,1460,1460,1460,1460,1459,1453,1448,1443,1440,1437,1431,1428,1421,1415,1406,1399,1393,1386,1378,1371,1363,1348,1329,1308,1282,1258,1228,1194,1158,1118,1080,1040,1000,960,926,894,866,836,808,784,760,740,725,714,707,701,699,696,695,694,691,686,679,671,663,656,652,647,641,637,632,627,621,616,612,609,607,606,605,603,-91,-91,-92,-93,-94,-96,-97,-102,-107,-113,-118,-122,-126,-126,-126,-123,-110,-97,-91,-90,-84,-73,-71,-71,-73,-74,-74,-68,-51,-19,9,31,44,49,58,68,83,108,138,166,196,230,264,310,352,388,422,456,484,514,542,568,592,616,638,656,668,676,684,690,693,694,694,694,694,694,694,694,694,694,694,694,694,694,694,694,694,691,687,684,679,675,667,658,649,636,624,613,602,587,575,563,550,541,534,528,524,520,518,514,514,514,514,514,514,514,514,514,514,514,514,514,514,514,514,514,514,514,514,514,514,514,514,514,514,514,514,514,514,513,512,512,511,509,508,508,507,507,506,503,501,501,500,499,497,497,497,497,496,791,791,792,793,794,796,797,802,807,813,818,822,826,826,826,823,810,797,791,790,784,773,771,771,773,774,774,768,751,719,691,669,656,651,642,632,617,592,562,534,504,470,436,390,348,312,278,244,216,186,158,132,108,84,62,44,32,24,16,10,7,6,6,6,6,6,6,6,6,6,6,6,6,6,6,6,6,9,13,16,21,25,33,42,51,64,76,87,98,113,125,137,150,159,166,172,176,180,182,186,186,186,186,186,186,186,186,186,186,186,186,186,186,186,186,186,186,186,186,186,186,186,186,186,186,186,186,186,186,187,188,188,189,191,192,192,193,193,194,197,199,199,200,201,203,203,203,203,204
200324102645,excitement,21,Male,Student,Expert,sadness,No,4055,sadness,881,865,846,824,798,784,773,766,759,754,751,745,741,739,735,734,732,730,729,728,726,725,724,723,722,720,717,717,717,717,717,717,717,717,717,717,715,715,715,715,715,714,714,713,713,713,712,712,712,710,710,710,710,710,710,710,710,710,710,710,710,710,710,710,710,710,710,709,708,703,696,690,685,684,683,679,677,673,668,666,665,668,682,742,824,910,994,1060,1124,1140,1150,1157,1165,1171,1175,1179,1181,1186,1187,1191,1191,1192,881,865,846,824,798,784,773,766,759,754,751,745,741,739,735,734,732,730,729,728,726,725,724,723,722,720,717,717,717,717,717,717,717,717,717,717,715,715,715,715,715,714,714,713,713,713,712,712,712,710,710,710,710,710,710,710,710,710,710,710,710,710,710,710,710,710,710,709,708,703,696,690,685,684,683,679,677,673,668,666,665,668,682,742,824,910,994,1060,1124,1140,1150,1157,1165,1171,1175,1179,1181,1186,1187,1191,1191,1192,-33,5,38,70,104,132,150,170,183,195,204,214,225,231,239,243,247,251,255,260,264,268,273,279,291,312,320,324,328,333,337,339,341,343,344,346,349,351,352,354,356,357,361,364,367,371,374,378,383,389,395,403,413,426,442,458,469,478,488,500,508,513,518,522,524,527,529,529,529,529,526,524,523,522,521,521,518,515,512,510,509,505,497,469,447,431,421,419,419,424,430,433,441,449,457,464,468,475,479,484,485,486,733,695,662,630,596,568,550,530,517,505,496,486,475,469,461,457,453,449,445,440,436,432,427,421,409,388,380,376,372,367,363,361,359,357,356,354,351,349,348,346,344,343,339,336,333,329,326,322,317,311,305,297,287,274,258,242,231,222,212,200,192,187,182,178,176,173,171,171,171,171,174,176,177,178,179,179,182,185,188,190,191,195,203,231,253,269,279,281,281,276,270,267,259,251,243,236,232,225,221,216,215,214
200324102751,contentment,21,Male,Student,Expert,anger,Yes,5160,anger,947,948,950,951,952,953,954,955,957,959,960,962,963,964,966,967,968,969,970,971,973,974,975,976,977,977,978,978,978,979,979,979,979,979,979,979,979,979,979,979,979,979,979,979,979,979,979,979,979,978,978,976,976,975,975,974,973,973,971,969,969,969,969,968,968,967,967,965,965,965,964,964,964,964,964,965,966,967,971,974,979,983,987,988,990,993,995,998,1000,1001,1002,1004,1005,1007,1010,1011,1012,1015,1016,1017,1020,1022,1026,1027,1029,1031,1032,1033,1036,1038,1040,1043,1046,1049,1052,1054,1059,1063,1065,1068,1069,1073,1074,1076,1079,1080,1082,1086,1088,1089,1090,1091,1093,1095,1096,1097,1098,1099,1100,1102,1104,1106,1109,1112,1114,1116,1119,1123,1125,1129,1133,1134,1137,1140,1143,1145,1147,1149,1150,1154,1155,1157,1159,1161,1162,1163,1164,1165,1168,1170,1173,1175,1177,1178,1179,1180,1180,1182,1183,1184,1185,1186,1190,1191,1192,1193,1194,1195,1195,1197,1198,1197,1194,1192,1188,1183,1176,1167,1153,1134,1113,1087,1061,1029,997,965,935,905,877,853,827,807,785,768,756,743,732,721,710,699,686,663,637,607,575,545,515,485,451,423,391,359,335,305,285,271,261,258,256,257,260,264,269,281,290,302,318,330,338,347,353,361,370,376,385,393,406,417,433,447,461,476,488,502,513,524,533,540,546,551,557,560,563,568,570,573,575,578,579,579,580,580,580,580,577,577,576,576,576,575,575,575,575,575,575,575,575,575,576,578,578,578,577,576,575,574,572,573,573,574,575,576,577,578,579,580,581,582,582,583,585,586,587,588,589,590,591,947,948,950,951,952,953,954,955,957,959,960,962,963,964,966,967,968,969,970,971,973,974,975,976,977,977,978,978,978,979,979,979,979,979,979,979,979,979,979,979,979,979,979,979,979,979,979,979,979,978,978,976,976,975,975,974,973,973,971,969,969,969,969,968,968,967,967,965,965,965,964,964,964,964,964,965,966,967,971,974,979,983,987,988,990,993,995,998,1000,1001,1002,1004,1005,1007,1010,1011,1012,1015,1016,1017,1020,1022,1026,1027,1029,1031,1032,1033,1036,1038,1040,1043,1046,1049,1052,1054,1059,1063,1065,1068,1069,1073,1074,1076,1079,1080,1082,1086,1088,1089,1090,1091,1093,1095,1096,1097,1098,1099,1100,1102,1104,1106,1109,1112,1114,1116,1119,1123,1125,1129,1133,1134,1137,1140,1143,1145,1147,1149,1150,1154,1155,1157,1159,1161,1162,1163,1164,1165,1168,1170,1173,1175,1177,1178,1179,1180,1180,1182,1183,1184,1185,1186,1190,1191,1192,1193,1194,1195,1195,1197,1198,1197,1194,1192,1188,1183,1176,1167,1153,1134,1113,1087,1061,1029,997,965,935,905,877,853,827,807,785,768,756,743,732,721,710,699,686,663,637,607,575,545,515,485,451,423,391,359,335,305,285,271,261,258,256,257,260,264,269,281,290,302,318,330,338,347,353,361,370,376,385,393,406,417,433,447,461,476,488,502,513,524,533,540,546,551,557,560,563,568,570,573,575,578,579,579,580,580,580,580,577,577,576,576,576,575,575,575,575,575,575,575,575,575,576,578,578,578,577,576,575,574,572,573,573,574,575,576,577,578,579,580,581,582,582,583,585,586,587,588,589,590,591,-27,-27,-27,-26,-26,-25,-24,-23,-22,-21,-21,-19,-18,-17,-16,-15,-14,-13,-12,-11,-9,-7,-4,-3,-2,0,1,2,3,4,5,7,8,10,12,13,16,18,20,22,25,28,31,33,37,40,43,46,48,51,53,57,58,60,62,65,68,70,73,78,81,83,88,92,95,99,105,111,116,120,126,133,139,147,155,162,168,174,182,189,200,205,215,218,223,228,235,241,243,246,249,251,254,256,261,262,265,268,270,272,275,278,282,283,285,288,289,291,294,297,298,302,305,308,311,313,318,322,324,327,328,331,332,333,336,337,338,341,342,343,344,345,347,350,351,352,353,354,355,358,360,362,366,369,372,375,380,385,390,394,398,403,407,411,414,417,421,424,427,430,433,435,439,442,444,445,446,447,448,449,450,450,450,450,451,451,451,451,450,449,448,446,443,442,441,441,440,440,440,440,440,440,440,441,443,445,445,445,445,445,445,445,445,445,445,445,445,445,445,445,445,445,445,445,445,446,448,451,452,454,459,465,473,481,491,499,505,513,517,521,525,531,533,539,541,542,544,544,544,544,544,544,544,544,544,542,539,537,537,536,536,535,532,532,529,528,523,520,514,511,506,504,499,496,491,489,486,483,482,481,480,479,478,476,476,476,475,475,475,475,476,478,479,483,489,492,495,498,502,507,509,510,513,514,515,517,518,519,519,517,514,512,511,509,508,506,503,503,503,503,503,502,501,500,500,498,496,493,492,490,488,487,486,486,487,488,489,727,727,727,726,726,725,724,723,722,721,721,719,718,717,716,715,714,713,712,711,709,707,704,703,702,700,699,698,697,696,695,693,692,690,688,687,684,682,680,678,675,672,669,667,663,660,657,654,652,649,647,643,642,640,638,635,632,630,627,622,619,617,612,608,605,601,595,589,584,580,574,567,561,553,545,538,532,526,518,511,500,495,485,482,477,472,465,459,457,454,451,449,446,444,439,438,435,432,430,428,425,422,418,417,415,412,411,409,406,403,402,398,395,392,389,387,382,378,376,373,372,369,368,367,364,363,362,359,358,357,356,355,353,350,349,348,347,346,345,342,340,338,334,331,328,325,320,315,310,306,302,297,293,289,286,283,279,276,273,270,267,265,261,258,256,255,254,253,252,251,250,250,250,250,249,249,249,249,250,251,252,254,257,258,259,259,260,260,260,260,260,260,260,259,257,255,255,255,255,255,255,255,255,255,255,255,255,255,255,255,255,255,255,255,255,254,252,249,248,246,241,235,227,219,209,201,195,187,183,179,175,169,167,161,159,158,156,156,156,156,156,156,156,156,156,158,161,163,163,164,164,165,168,168,171,172,177,180,186,189,194,196,201,204,209,211,214,217,218,219,220,221,222,224,224,224,225,225,225,225,224,222,221,217,211,208,205,202,198,193,191,190,187,186,185,183,182,181,181,183,186,188,189,191,192,194,197,197,197,197,197,198,199,200,200,202,204,207,208,210,212,213,214,214,213,212,211
200324102751,contentment,21,Male,Student,Expert,disgust,Yes,1848,anger,980,981,981,982,983,984,984,984,984,984,983,983,983,982,982,981,980,977,974,969,964,958,950,944,936,927,919,910,901,894,885,883,877,871,868,867,863,863,862,862,862,862,863,867,872,876,886,891,895,900,904,905,908,910,911,913,913,916,916,917,917,917,918,917,910,890,866,842,820,794,768,734,700,662,618,574,534,500,468,440,420,412,409,408,408,409,410,413,418,421,425,433,440,452,465,481,500,519,536,552,564,579,588,603,612,617,622,623,622,622,980,981,981,982,983,984,984,984,984,984,983,983,983,982,982,981,980,977,974,969,964,958,950,944,936,927,919,910,901,894,885,883,877,871,868,867,863,863,862,862,862,862,863,867,872,876,886,891,895,900,904,905,908,910,911,913,913,916,916,917,917,917,918,917,910,890,866,842,820,794,768,734,700,662,618,574,534,500,468,440,420,412,409,408,408,409,410,413,418,421,425,433,440,452,465,481,500,519,536,552,564,579,588,603,612,617,622,623,622,622,-25,-25,-24,-23,-22,-22,-21,-20,-19,-18,-15,-14,-13,-11,-9,-6,-4,2,7,13,22,31,41,52,62,72,86,99,113,125,139,149,162,176,188,198,213,225,240,254,267,283,302,316,330,346,365,383,395,410,427,437,449,458,471,482,491,499,504,509,511,514,515,515,515,510,502,496,490,482,476,472,468,468,468,468,468,468,468,468,468,468,468,469,470,472,473,475,478,481,483,486,487,490,492,495,495,495,495,495,495,495,495,495,495,494,494,493,492,491,725,725,724,723,722,722,721,720,719,718,715,714,713,711,709,706,704,698,693,687,678,669,659,648,638,628,614,601,587,575,561,551,538,524,512,502,487,475,460,446,433,417,398,384,370,354,335,317,305,290,273,263,251,242,229,218,209,201,196,191,189,186,185,185,185,190,198,204,210,218,224,228,232,232,232,232,232,232,232,232,232,232,232,231,230,228,227,225,222,219,217,214,213,210,208,205,205,205,205,205,205,205,205,205,205,206,206,207,208,209
200324102645,excitement,21,Male,Student,Expert,disgust,Yes,1928,disgust,935,935,935,932,920,900,870,832,792,752,726,718,715,713,711,710,709,707,705,703,703,702,701,701,700,699,699,698,697,697,935,935,935,932,920,900,870,832,792,752,726,718,715,713,711,710,709,707,705,703,703,702,701,701,700,699,699,698,697,697,13,28,80,107,148,202,262,326,384,440,478,494,504,509,513,517,519,520,522,520,518,516,513,512,510,509,508,505,500,499,687,672,620,593,552,498,438,374,316,260,222,206,196,191,187,183,181,180,178,180,182,184,187,188,190,191,192,195,200,201
200324102751,contentment,21,Male,Student,Expert,excitement,Yes,4335,excitement,964,966,967,968,970,971,974,975,976,978,979,981,983,984,986,989,991,992,996,997,997,1001,1003,1004,1005,1008,1008,1010,1012,1013,1013,1013,1013,1013,1013,1013,1013,1013,1013,1011,1006,1006,1002,998,996,992,986,982,974,968,964,959,955,950,947,944,940,936,933,930,929,928,925,919,909,894,878,860,840,821,806,795,786,783,778,776,773,771,768,767,763,759,756,753,751,750,748,747,746,745,743,742,741,738,737,735,732,730,727,725,722,721,719,718,718,719,723,729,736,744,758,774,788,804,818,825,831,834,837,839,841,842,844,846,844,841,838,836,832,826,823,818,812,801,790,783,773,762,752,746,739,735,731,728,726,723,721,718,716,715,714,716,721,728,741,758,781,809,841,871,899,919,932,939,941,943,938,928,910,888,866,844,824,805,786,764,744,727,711,697,668,656,647,639,635,632,630,629,626,625,624,621,620,618,617,616,616,616,617,619,621,623,623,624,625,626,626,627,964,966,967,968,970,971,974,975,976,978,979,981,983,984,986,989,991,992,996,997,997,1001,1003,1004,1005,1008,1008,1010,1012,1013,1013,1013,1013,1013,1013,1013,1013,1013,1013,1011,1006,1006,1002,998,996,992,986,982,974,968,964,959,955,950,947,944,940,936,933,930,929,928,925,919,909,894,878,860,840,821,806,795,786,783,778,776,773,771,768,767,763,759,756,753,751,750,748,747,746,745,743,742,741,738,737,735,732,730,727,725,722,721,719,718,718,719,723,729,736,744,758,774,788,804,818,825,831,834,837,839,841,842,844,846,844,841,838,836,832,826,823,818,812,801,790,783,773,762,752,746,739,735,731,728,726,723,721,718,716,715,714,716,721,728,741,758,781,809,841,871,899,919,932,939,941,943,938,928,910,888,866,844,824,805,786,764,744,727,711,697,668,656,647,639,635,632,630,629,626,625,624,621,620,618,617,616,616,616,617,619,621,623,623,624,625,626,626,627,-80,-79,-78,-78,-77,-76,-74,-73,-73,-72,-71,-69,-67,-65,-62,-57,-52,-48,-43,-38,-32,-22,-13,-7,1,10,22,35,49,64,76,91,107,126,145,164,181,195,211,227,246,263,284,306,330,354,378,404,428,448,465,482,494,505,512,517,522,526,528,530,531,532,532,533,533,533,533,533,529,528,526,524,524,522,521,521,521,520,520,520,520,518,516,516,516,516,516,516,516,516,516,516,516,516,516,516,516,516,517,518,519,519,521,521,522,523,523,523,523,523,523,523,523,520,518,518,517,517,517,516,516,516,516,514,512,512,511,509,508,506,505,505,501,500,495,494,491,488,485,485,484,484,484,484,484,484,484,484,484,484,484,486,487,489,490,494,496,496,496,496,496,496,496,497,497,498,498,498,498,498,498,498,498,498,498,498,498,498,498,498,503,505,507,509,509,509,510,510,511,511,511,512,512,513,514,514,514,513,512,510,508,506,505,504,502,501,500,499,780,779,778,778,777,776,774,773,773,772,771,769,767,765,762,757,752,748,743,738,732,722,713,707,699,690,678,665,651,636,624,609,593,574,555,536,519,505,489,473,454,437,416,394,370,346,322,296,272,252,235,218,206,195,188,183,178,174,172,170,169,168,168,167,167,167,167,167,171,172,174,176,176,178,179,179,179,180,180,180,180,182,184,184,184,184,184,184,184,184,184,184,184,184,184,184,184,184,183,182,181,181,179,179,178,177,177,177,177,177,177,177,177,180,182,182,183,183,183,184,184,184,184,186,188,188,189,191,192,194,195,195,199,200,205,206,209,212,215,215,216,216,216,216,216,216,216,216,216,216,216,214,213,211,210,206,204,204,204,204,204,204,204,203,203,202,202,202,202,202,202,202,202,202,202,202,202,202,202,202,197,195,193,191,191,191,190,190,189,189,189,188,188,187,186,186,186,187,188,190,192,194,195,196,198,199,200,201
200324102751,contentment,21,Male,Student,Expert,awe,No,2392,fear,918,918,918,918,919,921,922,923,923,923,924,924,926,926,927,927,928,928,929,929,931,932,932,933,934,937,938,938,939,940,940,941,942,942,943,943,944,945,945,947,947,947,949,949,949,949,949,949,949,949,949,949,949,943,941,935,928,924,918,910,902,896,888,882,878,872,868,866,865,863,863,863,863,863,863,863,863,863,863,863,865,869,873,879,885,893,904,919,942,970,996,1032,1072,1112,1154,1198,1244,1292,1334,1374,1408,1440,1468,1492,1508,1513,1518,1519,1518,1515,1511,1505,1498,1492,1479,1462,1444,1420,1394,1372,1346,1320,1300,1281,1259,1239,1217,1193,1169,1145,1119,1091,1063,1033,1001,969,939,905,869,829,781,733,687,639,597,561,529,499,475,462,455,452,457,462,469,480,494,509,528,547,567,586,603,619,633,646,657,670,688,705,726,754,786,822,862,906,948,990,1030,1062,1096,1126,1146,1165,1175,1182,1188,1191,1193,1194,1198,1200,1201,1203,1204,1205,1207,1209,1209,1210,1212,1216,1218,1219,1220,918,918,918,918,919,921,922,923,923,923,924,924,926,926,927,927,928,928,929,929,931,932,932,933,934,937,938,938,939,940,940,941,942,942,943,943,944,945,945,947,947,947,949,949,949,949,949,949,949,949,949,949,949,943,941,935,928,924,918,910,902,896,888,882,878,872,868,866,865,863,863,863,863,863,863,863,863,863,863,863,865,869,873,879,885,893,904,919,942,970,996,1032,1072,1112,1154,1198,1244,1292,1334,1374,1408,1440,1468,1492,1508,1513,1518,1519,1518,1515,1511,1505,1498,1492,1479,1462,1444,1420,1394,1372,1346,1320,1300,1281,1259,1239,1217,1193,1169,1145,1119,1091,1063,1033,1001,969,939,905,869,829,781,733,687,639,597,561,529,499,475,462,455,452,457,462,469,480,494,509,528,547,567,586,603,619,633,646,657,670,688,705,726,754,786,822,862,906,948,990,1030,1062,1096,1126,1146,1165,1175,1182,1188,1191,1193,1194,1198,1200,1201,1203,1204,1205,1207,1209,1209,1210,1212,1216,1218,1219,1220,-79,-76,-74,-73,-70,-67,-65,-63,-61,-60,-58,-56,-53,-50,-48,-46,-44,-41,-39,-36,-33,-29,-25,-22,-19,-15,-13,-10,-7,-3,-2,2,6,8,11,13,16,19,24,29,35,41,48,52,62,72,81,89,104,115,128,139,154,171,190,207,226,248,270,294,314,338,360,382,402,419,436,452,466,479,487,496,509,516,523,527,533,537,539,540,542,545,547,550,552,553,555,558,558,558,558,558,554,548,544,536,528,528,522,516,512,506,504,498,496,495,495,494,492,492,492,492,491,491,491,491,491,491,491,491,491,491,491,491,491,491,491,491,491,491,491,491,491,491,491,491,491,491,491,491,491,491,491,491,491,491,491,491,491,491,491,491,491,491,491,492,494,496,496,496,496,496,496,496,496,496,496,496,496,496,496,496,496,490,482,478,472,466,466,466,466,466,466,466,466,467,470,471,472,473,476,478,479,481,482,482,483,485,486,487,488,491,492,493,493,779,776,774,773,770,767,765,763,761,760,758,756,753,750,748,746,744,741,739,736,733,729,725,722,719,715,713,710,707,703,702,698,694,692,689,687,684,681,676,671,665,659,652,648,638,628,619,611,596,585,572,561,546,529,510,493,474,452,430,406,386,362,340,318,298,281,264,248,234,221,213,204,191,184,177,173,167,163,161,160,158,155,153,150,148,147,145,142,142,142,142,142,146,152,156,164,172,172,178,184,188,194,196,202,204,205,205,206,208,208,208,208,209,209,209,209,209,209,209,209,209,209,209,209,209,209,209,209,209,209,209,209,209,209,209,209,209,209,209,209,209,209,209,209,209,209,209,209,209,209,209,209,209,209,209,208,206,204,204,204,204,204,204,204,204,204,204,204,204,204,204,204,204,210,218,222,228,234,234,234,234,234,234,234,234,233,230,229,228,227,224,222,221,219,218,218,217,215,214,213,212,209,208,207,207
200324103352,anger,21,Male,Job with frequent Computer use,Intermediate,awe,Yes,3632,excitement,801,796,792,785,776,770,762,752,742,733,728,728,728,728,728,728,727,725,724,724,722,717,707,700,696,695,695,696,704,722,743,767,797,833,876,936,1003,1034,1048,1053,1054,1055,1055,1055,1054,1044,1017,970,904,836,760,692,656,640,635,628,625,620,618,617,615,608,584,540,492,464,455,453,453,454,457,461,465,471,473,478,479,480,481,801,796,792,785,776,770,762,752,742,733,728,728,728,728,728,728,727,725,724,724,722,717,707,700,696,695,695,696,704,722,743,767,797,833,876,936,1003,1034,1048,1053,1054,1055,1055,1055,1054,1044,1017,970,904,836,760,692,656,640,635,628,625,620,618,617,615,608,584,540,492,464,455,453,453,454,457,461,465,471,473,478,479,480,481,55,64,79,94,115,139,163,188,211,227,241,261,275,280,283,284,284,287,287,289,290,292,297,306,319,328,330,331,342,373,399,420,442,459,478,496,510,510,510,510,510,509,508,507,506,502,495,493,493,494,507,517,522,523,523,523,523,523,523,523,523,523,523,523,523,523,522,522,521,520,518,513,507,503,502,500,500,500,500,645,636,621,606,585,561,537,512,489,473,459,439,425,420,417,416,416,413,413,411,410,408,403,394,381,372,370,369,358,327,301,280,258,241,222,204,190,190,190,190,190,191,192,193,194,198,205,207,207,206,193,183,178,177,177,177,177,177,177,177,177,177,177,177,177,177,178,178,179,180,182,187,193,197,198,200,200,200,200
200324103352,anger,21,Male,Job with frequent Computer use,Intermediate,sadness,No,2568,excitement,756,748,738,726,711,688,677,675,672,672,672,671,665,662,659,653,644,584,503,445,422,418,416,416,415,412,408,408,408,408,408,409,410,412,416,422,432,440,446,447,448,450,451,453,455,459,461,462,463,464,466,467,468,469,471,474,476,478,480,480,481,484,497,525,579,658,780,848,888,908,927,967,1033,1068,1081,1086,1087,1084,1077,1068,1062,1060,1059,756,748,738,726,711,688,677,675,672,672,672,671,665,662,659,653,644,584,503,445,422,418,416,416,415,412,408,408,408,408,408,409,410,412,416,422,432,440,446,447,448,450,451,453,455,459,461,462,463,464,466,467,468,469,471,474,476,478,480,480,481,484,497,525,579,658,780,848,888,908,927,967,1033,1068,1081,1086,1087,1084,1077,1068,1062,1060,1059,27,36,48,67,91,131,147,158,167,183,201,220,244,263,281,298,320,387,455,498,514,517,519,520,521,522,524,526,527,528,529,529,529,528,522,513,499,488,481,480,479,479,479,479,479,480,482,482,483,483,484,485,485,486,487,488,490,491,493,494,494,495,496,496,495,483,472,472,472,478,483,493,508,514,516,519,519,519,513,504,497,491,490,673,664,652,633,609,569,553,542,533,517,499,480,456,437,419,402,380,313,245,202,186,183,181,180,179,178,176,174,173,172,171,171,171,172,178,187,201,212,219,220,221,221,221,221,221,220,218,218,217,217,216,215,215,214,213,212,210,209,207,206,206,205,204,204,205,217,228,228,228,222,217,207,192,186,184,181,181,181,187,196,203,209,210
200324103352,anger,21,Male,Job with frequent Computer use,Intermediate,anger,Yes,7936,disgust,737,728,725,723,720,720,720,720,720,718,717,714,712,709,705,702,695,687,684,682,681,680,680,680,680,680,680,680,681,681,681,681,681,681,681,681,681,681,680,677,671,669,668,666,663,656,643,629,613,600,584,574,569,568,567,564,560,557,554,553,553,553,553,552,548,545,544,543,542,737,728,725,723,720,720,720,720,720,718,717,714,712,709,705,702,695,687,684,682,681,680,680,680,680,680,680,680,681,681,681,681,681,681,681,681,681,681,680,677,671,669,668,666,663,656,643,629,613,600,584,574,569,568,567,564,560,557,554,553,553,553,553,552,548,545,544,543,542,95,99,107,128,159,187,211,229,241,247,252,259,263,266,271,276,283,290,292,294,295,295,296,297,298,299,300,303,307,309,310,311,313,315,316,317,318,319,319,319,323,323,326,342,350,356,363,370,383,403,430,455,470,478,483,486,488,490,492,495,498,500,501,502,503,504,505,505,505,605,601,593,572,541,513,489,471,459,453,448,441,437,434,429,424,417,410,408,406,405,405,404,403,402,401,400,397,393,391,390,389,387,385,384,383,382,381,381,381,377,377,374,358,350,344,337,330,317,297,270,245,230,222,217,214,212,210,208,205,202,200,199,198,197,196,195,195,195
200324103352,anger,21,Male,Job with frequent Computer use,Intermediate,contentment,Yes,8152,awe,749,746,743,738,738,724,691,670,650,636,628,626,624,620,620,620,619,619,619,616,611,609,608,608,607,605,605,605,604,604,604,604,604,604,604,604,602,600,586,566,552,546,546,545,544,541,535,529,527,526,525,524,522,520,520,520,520,520,521,749,746,743,738,738,724,691,670,650,636,628,626,624,620,620,620,619,619,619,616,611,609,608,608,607,605,605,605,604,604,604,604,604,604,604,604,602,600,586,566,552,546,546,545,544,541,535,529,527,526,525,524,522,520,520,520,520,520,521,38,51,68,92,144,219,293,324,346,359,365,367,370,379,381,382,384,392,405,419,431,444,454,463,469,471,472,473,472,468,463,461,460,457,456,455,455,455,467,495,513,519,520,520,520,520,523,525,526,526,526,527,524,507,498,493,491,488,487,662,649,632,608,556,481,407,376,354,341,335,333,330,321,319,318,316,308,295,281,269,256,246,237,231,229,228,227,228,232,237,239,240,243,244,245,245,245,233,205,187,181,180,180,180,180,177,175,174,174,174,173,176,193,202,207,209,212,213
200324103352,anger,21,Male,Job with frequent Computer use,Intermediate,disgust,Yes,3023,disgust,749,749,748,744,739,735,728,712,689,660,633,614,601,593,587,581,575,575,573,572,571,568,568,568,568,568,564,563,557,556,554,552,551,550,749,749,748,744,739,735,728,712,689,660,633,614,601,593,587,581,575,575,573,572,571,568,568,568,568,568,564,563,557,556,554,552,551,550,111,115,122,131,156,175,201,255,324,372,407,430,442,449,452,454,455,456,457,461,467,471,472,473,474,475,476,477,485,491,496,499,502,502,589,585,578,569,544,525,499,445,376,328,293,270,258,251,248,246,245,244,243,239,233,229,228,227,226,225,224,223,215,209,204,201,198,198
200324103352,anger,21,Male,Job with frequent Computer use,Intermediate,excitement,No,6304,disgust,787,784,780,776,773,769,762,752,740,714,660,602,547,488,400,365,340,324,312,308,308,316,352,428,505,540,556,560,562,562,561,560,558,557,556,555,554,552,552,552,553,560,572,586,599,610,624,632,641,647,652,654,655,656,656,653,629,617,604,591,579,568,562,558,556,552,552,552,546,540,531,518,499,461,402,358,316,280,263,255,254,253,252,268,286,305,344,420,516,619,712,769,788,792,791,790,788,783,777,769,756,733,693,646,592,527,508,503,501,501,501,503,510,516,517,517,517,517,518,519,520,520,521,524,536,555,591,654,740,787,850,891,917,931,934,936,937,942,955,977,990,999,1000,1001,1003,1007,1008,1010,1012,1014,1014,1014,1013,1012,787,784,780,776,773,769,762,752,740,714,660,602,547,488,400,365,340,324,312,308,308,316,352,428,505,540,556,560,562,562,561,560,558,557,556,555,554,552,552,552,553,560,572,586,599,610,624,632,641,647,652,654,655,656,656,653,629,617,604,591,579,568,562,558,556,552,552,552,546,540,531,518,499,461,402,358,316,280,263,255,254,253,252,268,286,305,344,420,516,619,712,769,788,792,791,790,788,783,777,769,756,733,693,646,592,527,508,503,501,501,501,503,510,516,517,517,517,517,518,519,520,520,521,524,536,555,591,654,740,787,850,891,917,931,934,936,937,942,955,977,990,999,1000,1001,1003,1007,1008,1010,1012,1014,1014,1014,1013,1012,55,60,73,83,96,111,133,163,207,267,347,424,489,543,603,613,615,615,607,595,579,559,537,510,495,492,495,500,505,508,513,517,519,519,519,519,519,519,518,516,516,521,530,547,565,583,608,619,632,640,647,649,651,651,652,652,635,623,607,594,580,569,563,559,555,552,551,548,541,535,530,525,521,516,516,516,518,523,528,530,531,531,532,528,522,516,500,471,427,386,347,321,314,311,311,311,311,312,315,317,324,337,359,386,418,455,466,470,470,472,474,479,487,495,496,497,498,499,500,503,505,506,507,507,512,519,524,532,532,532,532,532,532,532,532,532,532,532,532,532,531,529,528,528,527,521,518,515,511,507,502,496,491,490,645,640,627,617,604,589,567,537,493,433,353,276,211,157,97,87,85,85,93,105,121,141,163,190,205,208,205,200,195,192,187,183,181,181,181,181,181,181,182,184,184,179,170,153,135,117,92,81,68,60,53,51,49,49,48,48,65,77,93,106,120,131,137,141,145,148,149,152,159,165,170,175,179,184,184,184,182,177,172,170,169,169,168,172,178,184,200,229,273,314,353,379,386,389,389,389,389,388,385,383,376,363,341,314,282,245,234,230,230,228,226,221,213,205,204,203,202,201,200,197,195,194,193,193,188,181,176,168,168,168,168,168,168,168,168,168,168,168,168,168,169,171,172,172,173,179,182,185,189,193,198,204,209,210
200324103352,anger,21,Male,Job with frequent Computer use,Intermediate,fear,No,4208,excitement,802,801,800,791,769,746,714,679,641,607,580,572,566,562,554,549,544,540,536,533,533,532,533,540,542,544,546,546,550,569,653,764,918,996,1051,1065,1071,1072,1074,1075,1077,1079,1079,1080,802,801,800,791,769,746,714,679,641,607,580,572,566,562,554,549,544,540,536,533,533,532,533,540,542,544,546,546,550,569,653,764,918,996,1051,1065,1071,1072,1074,1075,1077,1079,1079,1080,96,96,97,103,119,142,188,243,297,355,401,423,439,444,456,463,475,488,501,514,519,523,523,517,513,509,506,505,505,502,502,502,502,506,515,520,523,523,522,518,513,507,506,504,604,604,603,597,581,558,512,457,403,345,299,277,261,256,244,237,225,212,199,186,181,177,177,183,187,191,194,195,195,198,198,198,198,194,185,180,177,177,178,182,187,193,194,196
200324103352,anger,21,Male,Job with frequent Computer use,Intermediate,awe,Yes,1400,awe,787,784,779,763,736,702,659,576,517,473,443,416,397,380,373,370,370,370,370,372,374,375,376,380,388,392,402,407,408,409,409,410,412,413,415,416,420,423,425,433,439,442,443,787,784,779,763,736,702,659,576,517,473,443,416,397,380,373,370,370,370,370,372,374,375,376,380,388,392,402,407,408,409,409,410,412,413,415,416,420,423,425,433,439,442,443,30,31,39,55,72,98,127,175,211,243,270,315,365,420,459,491,513,524,530,538,540,543,544,544,543,540,534,531,529,528,527,527,527,525,523,522,519,517,514,507,500,499,498,670,669,661,645,628,602,573,525,489,457,430,385,335,280,241,209,187,176,170,162,160,157,156,156,157,160,166,169,171,172,173,173,173,175,177,178,181,183,186,193,200,201,202
200324103757,excitement,21,Male,Student,Expert,fear,Yes,3027,fear,754,752,741,731,716,705,695,686,681,681,663,642,613,587,571,546,540,529,517,503,489,476,754,752,741,731,716,705,695,686,681,681,663,642,613,587,571,546,540,529,517,503,489,476,64,86,157,217,298,343,388,418,432,432,443,453,468,478,484,492,492,495,496,497,497,497,636,614,543,483,402,357,312,282,268,268,257,247,232,222,216,208,208,205,204,203,203,203
200324113751,awe,21,Male,Student,Beginner,excitement,Yes,1569,awe,728,696,672,664,650,649,653,657,660,668,678,694,715,718,697,658,639,601,581,558,543,543,547,552,557,575,588,596,596,596,587,571,547,502,498,495,495,495,495,728,696,672,664,650,649,653,657,660,668,678,694,715,718,697,658,639,601,581,558,543,543,547,552,557,575,588,596,596,596,587,571,547,502,498,495,495,495,495,104,165,209,234,303,325,345,350,353,356,355,345,321,301,246,216,209,207,223,261,320,341,350,357,358,352,344,336,333,329,318,315,327,402,425,449,461,462,464,596,535,491,466,397,375,355,350,347,344,345,355,379,399,454,484,491,493,477,439,380,359,350,343,342,348,356,364,367,371,382,385,373,298,275,251,239,238,236
200324113751,awe,21,Male,Student,Beginner,contentment,Yes,1973,awe,739,710,689,680,676,668,666,664,647,619,602,574,560,551,541,539,536,535,534,534,534,530,526,524,523,521,520,520,739,710,689,680,676,668,666,664,647,619,602,574,560,551,541,539,536,535,534,534,534,530,526,524,523,521,520,520,131,252,341,393,412,436,441,445,445,445,446,449,452,453,453,453,453,453,453,455,456,457,459,461,461,461,462,463,569,448,359,307,288,264,259,255,255,255,254,251,248,247,247,247,247,247,247,245,244,243,241,239,239,239,238,237
